name,Rank,source_rank,position,team,source_player_id,adp,adp_formatted,times_drafted,high,low,stdev,bye,source_format,source_team_count,actual_league_team_count,sample_total_drafts,sample_start_date,sample_end_date
Josh Allen,1,1,QB,BUF,2885,1.7,1.02,852,1,4,0.9,7,2qb,10,6,5177,2026-07-24,2026-08-23
Jahmyr Gibbs,2,2,RB,DET,5672,1.8,1.02,660,1,4,0.8,6,2qb,10,6,5177,2026-07-24,2026-08-23
Bijan Robinson,3,3,RB,ATL,5670,2.6,1.03,407,1,4,0.7,11,2qb,10,6,5177,2026-07-24,2026-08-23
Puka Nacua,4,4,WR,LAR,5714,4.9,1.05,434,1,13,1.5,11,2qb,10,6,5177,2026-07-24,2026-08-23
Jonathan Taylor,5,5,RB,IND,4864,5.7,1.06,389,3,10,1.5,13,2qb,10,6,5177,2026-07-24,2026-08-23
Drake Maye,6,6,QB,NE,6187,6.6,1.07,550,1,15,2.6,11,2qb,10,6,5177,2026-07-24,2026-08-23
Ja'Marr Chase,7,7,WR,CIN,5177,7.9,1.08,1331,1,26,4.1,6,2qb,10,6,5177,2026-07-24,2026-08-23
Lamar Jackson,8,8,QB,BAL,2888,7.9,1.08,928,1,17,2.9,13,2qb,10,6,5177,2026-07-24,2026-08-23
Joe Burrow,9,9,QB,CIN,4882,8.8,1.09,745,1,18,2.9,6,2qb,10,6,5177,2026-07-24,2026-08-23
Jaxon Smith-Njigba,10,10,WR,SEA,5671,9.8,1.10,630,1,30,4.3,11,2qb,10,6,5177,2026-07-24,2026-08-23
Christian McCaffrey,11,11,RB,SF,2434,10.5,1.10,912,3,20,2.8,8,2qb,10,6,5177,2026-07-24,2026-08-23
Derrick Henry,12,12,RB,BAL,2350,11,2.01,324,3,18,2.7,13,2qb,10,6,5177,2026-07-24,2026-08-23
Dak Prescott,13,13,QB,DAL,2377,13,2.03,537,5,20,3,14,2qb,10,6,5177,2026-07-24,2026-08-23
Jayden Daniels,14,14,QB,WAS,5854,13.4,2.03,575,5,22,3.1,7,2qb,10,6,5177,2026-07-24,2026-08-23
Amon-Ra St. Brown,15,15,WR,DET,5182,14.6,2.05,1054,5,32,4.2,6,2qb,10,6,5177,2026-07-24,2026-08-23
James Cook III,16,16,RB,BUF,5652,16.6,2.07,1267,4,30,4.7,7,2qb,10,6,5177,2026-07-24,2026-08-23
Jalen Hurts,17,17,QB,PHI,5025,16.6,2.07,404,8,26,3.3,10,2qb,10,6,5177,2026-07-24,2026-08-23
Matthew Stafford,18,18,QB,LAR,1664,17.1,2.07,350,9,25,2.7,11,2qb,10,6,5177,2026-07-24,2026-08-23
Brock Purdy,19,19,QB,SF,5648,18.5,2.08,141,9,30,4.1,8,2qb,10,6,5177,2026-07-24,2026-08-23
Trevor Lawrence,20,20,QB,JAX,5186,18.8,2.09,356,5,37,5.3,7,2qb,10,6,5177,2026-07-24,2026-08-23
De'Von Achane,21,21,RB,MIA,5683,21.8,3.02,594,9,35,4.9,6,2qb,10,6,5177,2026-07-24,2026-08-23
Caleb Williams,22,22,QB,CHI,6173,21.9,3.02,571,7,45,5.4,10,2qb,10,6,5177,2026-07-24,2026-08-23
Patrick Mahomes,23,23,QB,KC,2462,22.9,3.03,308,9,42,5,5,2qb,10,6,5177,2026-07-24,2026-08-23
Drake London,24,24,WR,ATL,5574,24.7,3.05,200,12,36,4.9,11,2qb,10,6,5177,2026-07-24,2026-08-23
Jared Goff,25,25,QB,DET,2351,24.8,3.05,339,12,49,5,6,2qb,10,6,5177,2026-07-24,2026-08-23
Saquon Barkley,26,26,RB,PHI,2860,25.5,3.05,1477,11,40,5.3,10,2qb,10,6,5177,2026-07-24,2026-08-23
Justin Herbert,27,27,QB,LAC,4887,25.6,3.06,677,13,45,4.8,7,2qb,10,6,5177,2026-07-24,2026-08-23
CeeDee Lamb,28,28,WR,DAL,4869,25.7,3.06,1337,11,43,5.5,14,2qb,10,6,5177,2026-07-24,2026-08-23
Ashton Jeanty,29,29,RB,LV,6500,28.5,3.09,1246,11,47,6.4,13,2qb,10,6,5177,2026-07-24,2026-08-23
Justin Jefferson,30,30,WR,MIN,4876,28.9,3.09,1354,11,46,6.7,6,2qb,10,6,5177,2026-07-24,2026-08-23
Jaxson Dart,31,31,QB,NYG,6568,29.6,3.10,234,16,58,7.6,8,2qb,10,6,5177,2026-07-24,2026-08-23
Bo Nix,32,32,QB,DEN,6253,30.9,4.01,414,18,56,6.4,10,2qb,10,6,5177,2026-07-24,2026-08-23
Chase Brown,33,33,RB,CIN,5706,31.7,4.02,1435,14,51,6.5,6,2qb,10,6,5177,2026-07-24,2026-08-23
Rashee Rice,34,34,WR,KC,5696,32.7,4.03,247,14,59,9.9,5,2qb,10,6,5177,2026-07-24,2026-08-23
George Pickens,35,35,WR,DAL,5576,33.1,4.03,274,19,44,5.1,14,2qb,10,6,5177,2026-07-24,2026-08-23
Josh Jacobs,36,36,RB,GB,3255,34.3,4.04,202,18,49,6.1,11,2qb,10,6,5177,2026-07-24,2026-08-23
A.J. Brown,37,37,WR,NE,3247,34.9,4.05,671,21,48,5.1,11,2qb,10,6,5177,2026-07-24,2026-08-23
Nico Collins,38,38,WR,HOU,5207,36.7,4.07,352,25,48,4.4,8,2qb,10,6,5177,2026-07-24,2026-08-23
Omarion Hampton,39,39,RB,LAC,6538,38.5,4.09,1274,21,54,6.4,7,2qb,10,6,5177,2026-07-24,2026-08-23
Kenneth Walker,40,40,RB,KC,5625,39.7,4.10,1201,18,58,8.1,5,2qb,10,6,5177,2026-07-24,2026-08-23
Kyren Williams,41,41,RB,LAR,5623,41.3,5.01,472,27,54,5.4,11,2qb,10,6,5177,2026-07-24,2026-08-23
Baker Mayfield,42,42,QB,TB,2886,41.4,5.01,717,23,72,8.3,10,2qb,10,6,5177,2026-07-24,2026-08-23
Zay Flowers,43,43,WR,BAL,5675,42.1,5.02,133,31,55,4,13,2qb,10,6,5177,2026-07-24,2026-08-23
Chris Olave,44,44,WR,NO,5544,42.2,5.02,388,26,58,6.2,8,2qb,10,6,5177,2026-07-24,2026-08-23
Javonte Williams,45,45,RB,DAL,5185,47.4,5.07,466,34,58,5,14,2qb,10,6,5177,2026-07-24,2026-08-23
Tyler Shough,46,46,QB,NO,5602,47.8,5.08,742,24,77,8.8,8,2qb,10,6,5177,2026-07-24,2026-08-23
Breece Hall,47,47,RB,NYJ,5503,48.2,5.08,272,33,65,5.5,13,2qb,10,6,5177,2026-07-24,2026-08-23
Jeremiyah Love,48,48,RB,ARI,6769,48.8,5.09,521,33,65,5.9,14,2qb,10,6,5177,2026-07-24,2026-08-23
Malik Nabers,49,49,WR,NYG,6183,50.6,6.01,1000,22,96,10.8,8,2qb,10,6,5177,2026-07-24,2026-08-23
Emeka Egbuka,50,50,WR,TB,6576,50.7,6.01,833,33,73,6.4,10,2qb,10,6,5177,2026-07-24,2026-08-23
Tee Higgins,51,51,WR,CIN,4870,51.6,6.02,328,38,67,5,6,2qb,10,6,5177,2026-07-24,2026-08-23
Davante Adams,52,52,WR,LAR,2125,52.1,6.02,249,37,66,5.8,11,2qb,10,6,5177,2026-07-24,2026-08-23
Cam Skattebo,53,53,RB,NYG,6509,52.3,6.02,476,38,70,5.3,8,2qb,10,6,5177,2026-07-24,2026-08-23
Kyler Murray,54,54,QB,MIN,3299,53.1,6.03,1168,25,79,10.5,6,2qb,10,6,5177,2026-07-24,2026-08-23
Tetairoa McMillan,55,56,WR,CAR,6561,53.1,6.03,374,38,68,5.4,5,2qb,10,6,5177,2026-07-24,2026-08-23
Jameson Williams,56,55,WR,DET,5643,53.1,6.03,104,41,69,6.1,6,2qb,10,6,5177,2026-07-24,2026-08-23
DeVonta Smith,57,57,WR,PHI,4883,55.9,6.06,809,41,70,5.5,10,2qb,10,6,5177,2026-07-24,2026-08-23
Sam Darnold,58,58,QB,SEA,2884,56.9,6.07,847,29,80,10.6,11,2qb,10,6,5177,2026-07-24,2026-08-23
Jordan Love,59,59,QB,GB,4892,57.9,6.08,1279,28,84,11.4,11,2qb,10,6,5177,2026-07-24,2026-08-23
Travis Etienne Jr.,60,60,RB,NO,4863,58.7,6.09,367,45,76,6.9,8,2qb,10,6,5177,2026-07-24,2026-08-23
D'Andre Swift,61,61,RB,CHI,4862,59.4,6.09,494,41,82,7,10,2qb,10,6,5177,2026-07-24,2026-08-23
Garrett Wilson,62,62,WR,NYJ,5548,59.5,6.10,357,48,74,5.3,13,2qb,10,6,5177,2026-07-24,2026-08-23
Brock Bowers,63,64,TE,LV,6178,61,7.01,1626,22,89,15,13,2qb,10,6,5177,2026-07-24,2026-08-23
Rome Odunze,64,63,WR,CHI,6194,61,7.01,268,44,85,6.2,10,2qb,10,6,5177,2026-07-24,2026-08-23
Terry McLaurin,65,65,WR,WAS,3449,63.8,7.04,311,47,78,6.1,7,2qb,10,6,5177,2026-07-24,2026-08-23
Bucky Irving,66,66,RB,TB,6190,64.5,7.04,364,48,79,6.3,10,2qb,10,6,5177,2026-07-24,2026-08-23
Trey McBride,67,67,TE,ARI,5656,65.2,7.05,976,32,96,12.5,14,2qb,10,6,5177,2026-07-24,2026-08-23
Quinshon Judkins,68,68,RB,CLE,6531,66.2,7.06,434,48,85,6.8,11,2qb,10,6,5177,2026-07-24,2026-08-23
Ladd McConkey,69,69,WR,LAC,6281,66.8,7.07,964,48,89,7.1,7,2qb,10,6,5177,2026-07-24,2026-08-23
Bhayshul Tuten,70,70,RB,JAX,6513,67,7.07,468,46,87,7.8,7,2qb,10,6,5177,2026-07-24,2026-08-23
Alec Pierce,71,71,WR,IND,5641,68.8,7.09,74,56,85,6.5,13,2qb,10,6,5177,2026-07-24,2026-08-23
DJ Moore,72,72,WR,BUF,2876,71.1,8.01,814,46,102,9.4,7,2qb,10,6,5177,2026-07-24,2026-08-23
C.J. Stroud,73,73,QB,HOU,5676,71.3,8.01,687,44,96,10.2,8,2qb,10,6,5177,2026-07-24,2026-08-23
Daniel Jones,74,74,QB,IND,3264,72.5,8.02,697,40,95,12.4,13,2qb,10,6,5177,2026-07-24,2026-08-23
David Montgomery,75,75,RB,HOU,3238,73,8.03,680,53,96,7.6,8,2qb,10,6,5177,2026-07-24,2026-08-23
Jaylen Waddle,76,76,WR,DEN,5178,73.3,8.03,924,54,92,7.2,10,2qb,10,6,5177,2026-07-24,2026-08-23
TreVeyon Henderson,77,77,RB,NE,6490,74.8,8.05,317,56,92,7.1,11,2qb,10,6,5177,2026-07-24,2026-08-23
Christian Watson,78,78,WR,GB,5360,75.6,8.06,434,54,100,8.1,11,2qb,10,6,5177,2026-07-24,2026-08-23
Mike Evans,79,79,WR,SF,2111,75.9,8.06,595,53,98,8.7,8,2qb,10,6,5177,2026-07-24,2026-08-23
Luther Burden III,80,80,WR,CHI,6559,79.3,8.09,645,57,99,8.5,10,2qb,10,6,5177,2026-07-24,2026-08-23
Courtland Sutton,81,81,WR,DEN,2862,79.5,8.10,279,58,99,8.2,10,2qb,10,6,5177,2026-07-24,2026-08-23
Malik Willis,82,82,QB,MIA,5545,80.9,9.01,685,53,104,10.7,6,2qb,10,6,5177,2026-07-24,2026-08-23
DK Metcalf,83,83,WR,PIT,3239,81.9,9.02,346,63,98,7.3,9,2qb,10,6,5177,2026-07-24,2026-08-23
Colston Loveland,84,84,TE,CHI,6501,82.3,9.02,562,54,103,10.7,10,2qb,10,6,5177,2026-07-24,2026-08-23
Tony Pollard,85,85,RB,TEN,3435,82.5,9.03,97,65,99,6.7,9,2qb,10,6,5177,2026-07-24,2026-08-23
Marvin Harrison Jr.,86,86,WR,ARI,6193,84.6,9.05,565,65,100,7.4,14,2qb,10,6,5177,2026-07-24,2026-08-23
Jadarian Price,87,87,RB,SEA,6776,86,9.06,1012,55,121,11.9,11,2qb,10,6,5177,2026-07-24,2026-08-23
Parker Washington,88,88,WR,JAX,5705,86.6,9.07,607,68,111,6.9,7,2qb,10,6,5177,2026-07-24,2026-08-23
Brian Thomas Jr.,89,89,WR,JAX,6175,89.3,9.09,463,72,105,6.5,7,2qb,10,6,5177,2026-07-24,2026-08-23
Bryce Young,90,90,QB,CAR,5678,89.4,9.09,532,70,114,7.4,5,2qb,10,6,5177,2026-07-24,2026-08-23
Tyler Warren,91,91,TE,IND,6504,89.6,9.10,768,66,111,9,13,2qb,10,6,5177,2026-07-24,2026-08-23
Rhamondre Stevenson,92,92,RB,NE,5210,90,9.10,286,67,120,8.7,11,2qb,10,6,5177,2026-07-24,2026-08-23
Rico Dowdle,93,93,RB,PIT,5095,91.3,10.01,186,67,116,9.1,9,2qb,10,6,5177,2026-07-24,2026-08-23
Carnell Tate,94,94,WR,TEN,6768,91.8,10.02,457,72,109,7.3,9,2qb,10,6,5177,2026-07-24,2026-08-23
Jaylen Warren,95,95,RB,PIT,5443,95.2,10.05,223,63,118,12.1,9,2qb,10,6,5177,2026-07-24,2026-08-23
Quentin Johnston,96,96,WR,LAC,5674,95.7,10.06,341,72,137,8.9,7,2qb,10,6,5177,2026-07-24,2026-08-23
J.K. Dobbins,97,97,RB,DEN,4888,96,10.06,532,70,121,9.8,10,2qb,10,6,5177,2026-07-24,2026-08-23
Chuba Hubbard,98,98,RB,CAR,4873,96.8,10.07,371,71,118,9.7,5,2qb,10,6,5177,2026-07-24,2026-08-23
Cam Ward,99,99,QB,TEN,6457,98.6,10.09,869,67,150,11.9,9,2qb,10,6,5177,2026-07-24,2026-08-23
Michael Wilson,100,100,WR,ARI,5721,100.4,10.10,499,74,138,10.1,14,2qb,10,6,5177,2026-07-24,2026-08-23
Jordan Addison,101,101,WR,MIN,5673,100.8,11.01,230,81,118,7.5,6,2qb,10,6,5177,2026-07-24,2026-08-23
Tucker Kraft,102,102,TE,GB,5718,101.4,11.01,409,68,156,12.8,11,2qb,10,6,5177,2026-07-24,2026-08-23
Jakobi Meyers,103,103,WR,JAX,3496,102.4,11.02,187,76,143,9.9,7,2qb,10,6,5177,2026-07-24,2026-08-23
Chris Godwin Jr.,104,104,WR,TB,2465,103.1,11.03,523,77,129,9.7,10,2qb,10,6,5177,2026-07-24,2026-08-23
Jayden Reed,105,105,WR,GB,5707,104.8,11.05,289,84,123,7.8,11,2qb,10,6,5177,2026-07-24,2026-08-23
Harold Fannin Jr.,106,106,TE,CLE,6502,107,11.07,98,77,150,11.6,11,2qb,10,6,5177,2026-07-24,2026-08-23
Xavier Worthy,107,107,WR,KC,6172,107.2,11.07,308,88,132,7.1,5,2qb,10,6,5177,2026-07-24,2026-08-23
Michael Pittman Jr.,108,109,WR,PIT,4880,109,11.09,446,85,149,8.9,9,2qb,10,6,5177,2026-07-24,2026-08-23
Jacory Croskey-Merritt,109,111,RB,WAS,6595,109.1,11.09,576,77,150,12.3,7,2qb,10,6,5177,2026-07-24,2026-08-23
Jacoby Brissett,110,110,QB,ARI,2365,109.1,11.09,528,69,150,15.3,14,2qb,10,6,5177,2026-07-24,2026-08-23
Kyle Pitts Sr.,111,113,TE,ATL,5181,110.8,12.01,199,74,175,13.9,11,2qb,10,6,5177,2026-07-24,2026-08-23
Jordyn Tyson,112,114,WR,NO,6771,110.9,12.01,321,76,180,19.9,8,2qb,10,6,5177,2026-07-24,2026-08-23
Sam LaPorta,113,115,TE,DET,5564,112.6,12.03,385,70,173,16,6,2qb,10,6,5177,2026-07-24,2026-08-23
Kyle Monangai,114,116,RB,CHI,6534,112.8,12.03,513,80,150,13.4,10,2qb,10,6,5177,2026-07-24,2026-08-23
Aaron Rodgers,115,117,QB,PIT,1004,112.9,12.03,627,73,150,15.3,9,2qb,10,6,5177,2026-07-24,2026-08-23
Dallas Goedert,116,118,TE,PHI,2896,115.1,12.05,103,75,164,18.3,10,2qb,10,6,5177,2026-07-24,2026-08-23
RJ Harvey,117,119,RB,DEN,6530,116,12.06,446,70,169,17.4,10,2qb,10,6,5177,2026-07-24,2026-08-23
Deebo Samuel Sr.,118,120,WR,SF,3246,116.2,12.06,296,80,169,13.9,8,2qb,10,6,5177,2026-07-24,2026-08-23
Stefon Diggs,119,121,WR,WAS,2316,116.9,12.07,443,80,150,13.9,7,2qb,10,6,5177,2026-07-24,2026-08-23
Makai Lemon,120,122,WR,PHI,6772,117.8,12.08,560,80,150,14.4,10,2qb,10,6,5177,2026-07-24,2026-08-23
Geno Smith,121,124,QB,NYJ,1980,118.6,12.09,320,70,173,18.4,13,2qb,10,6,5177,2026-07-24,2026-08-23
Ricky Pearsall,122,125,WR,SF,6199,121.2,13.01,76,85,150,13.6,8,2qb,10,6,5177,2026-07-24,2026-08-23
Josh Downs,123,126,WR,IND,5680,121.9,13.02,525,85,150,14.9,13,2qb,10,6,5177,2026-07-24,2026-08-23
Blake Corum,124,127,RB,LAR,5965,122.4,13.02,749,84,150,14.6,11,2qb,10,6,5177,2026-07-24,2026-08-23
Aaron Jones Sr.,125,128,RB,MIN,2507,122.4,13.02,273,87,150,14.3,6,2qb,10,6,5177,2026-07-24,2026-08-23
Jonathon Brooks,126,129,RB,CAR,6179,123,13.03,916,71,176,19.9,5,2qb,10,6,5177,2026-07-24,2026-08-23
Jordan Mason,127,130,RB,MIN,5330,123,13.03,591,80,169,16.2,6,2qb,10,6,5177,2026-07-24,2026-08-23
Romeo Doubs,128,131,WR,NE,5586,124,13.04,181,97,150,10.6,11,2qb,10,6,5177,2026-07-24,2026-08-23
Matthew Golden,129,133,WR,GB,6523,124.1,13.04,512,88,150,13.9,11,2qb,10,6,5177,2026-07-24,2026-08-23
Wan'Dale Robinson,130,132,WR,TEN,5588,124.1,13.04,419,92,150,12.2,9,2qb,10,6,5177,2026-07-24,2026-08-23
Mark Andrews,131,134,TE,BAL,2872,125.2,13.05,160,99,177,15.6,13,2qb,10,6,5177,2026-07-24,2026-08-23
Chimere Dike,132,135,WR,TEN,6553,126.2,13.06,20,87,179,34.2,9,2qb,10,6,5177,2026-07-24,2026-08-23
Rachaad White,133,137,RB,WAS,5626,127.8,13.08,223,83,168,17.1,7,2qb,10,6,5177,2026-07-24,2026-08-23
Fernando Mendoza,134,138,QB,LV,6767,129.6,13.10,445,72,177,21.9,13,2qb,10,6,5177,2026-07-24,2026-08-23
Rashid Shaheed,135,141,WR,SEA,5896,130.3,13.10,240,91,150,15.1,11,2qb,10,6,5177,2026-07-24,2026-08-23
George Kittle,136,142,TE,SF,2499,130.6,14.01,264,86,180,17.1,8,2qb,10,6,5177,2026-07-24,2026-08-23
Kenny Gainwell,137,143,RB,TB,5196,131.4,14.01,311,85,169,17.7,10,2qb,10,6,5177,2026-07-24,2026-08-23
Kenyon Sadiq,138,144,TE,NYJ,6773,131.8,14.02,9,67,165,28.5,13,2qb,10,6,5177,2026-07-24,2026-08-23
Oronde Gadsden,139,146,TE,LAC,6506,134.8,14.05,12,101,147,12.8,7,2qb,10,6,5177,2026-07-24,2026-08-23
AJ Barner,140,147,TE,SEA,6290,134.9,14.05,8,114,169,16.6,11,2qb,10,6,5177,2026-07-24,2026-08-23
Shedeur Sanders,141,148,QB,CLE,6486,135,14.05,27,58,174,29.2,11,2qb,10,6,5177,2026-07-24,2026-08-23
KC Concepcion,142,149,WR,CLE,6774,135.3,14.05,329,102,171,12.7,11,2qb,10,6,5177,2026-07-24,2026-08-23
Jayden Higgins,143,150,WR,HOU,6577,135.3,14.05,193,103,166,12.2,8,2qb,10,6,5177,2026-07-24,2026-08-23
Khalil Shakir,144,151,WR,BUF,5636,135.4,14.05,268,110,150,9.5,7,2qb,10,6,5177,2026-07-24,2026-08-23
Jonah Coleman,145,152,RB,DEN,6799,135.5,14.06,36,98,178,25.9,10,2qb,10,6,5177,2026-07-24,2026-08-23
Tua Tagovailoa,146,153,QB,ATL,4890,135.7,14.06,166,95,180,20.1,11,2qb,10,6,5177,2026-07-24,2026-08-23
Deshaun Watson,147,154,QB,CLE,2444,136.1,14.06,43,65,180,27.2,11,2qb,10,6,5177,2026-07-24,2026-08-23
De'Zhaun Stribling,148,156,WR,SF,6777,137.7,14.08,266,89,179,18.6,8,2qb,10,6,5177,2026-07-24,2026-08-23
Jalen Coker,149,157,WR,CAR,6302,137.8,14.08,90,109,154,10.8,5,2qb,10,6,5177,2026-07-24,2026-08-23
Travis Kelce,150,158,TE,KC,1989,137.9,14.08,239,94,177,16.7,5,2qb,10,6,5177,2026-07-24,2026-08-23
Brenton Strange,151,159,TE,JAX,5985,138.1,14.08,9,119,176,16.6,7,2qb,10,6,5177,2026-07-24,2026-08-23
Tre Tucker,152,160,WR,LV,5977,138.3,14.08,79,106,153,12.2,13,2qb,10,6,5177,2026-07-24,2026-08-23
Calvin Ridley,153,163,WR,TEN,2866,138.9,14.09,101,105,174,12.9,9,2qb,10,6,5177,2026-07-24,2026-08-23
Jake Ferguson,154,165,TE,DAL,5561,139.8,14.10,55,89,180,22,14,2qb,10,6,5177,2026-07-24,2026-08-23
Zach Charbonnet,155,166,RB,SEA,5677,139.9,14.10,318,88,179,19.6,11,2qb,10,6,5177,2026-07-24,2026-08-23
Keaton Mitchell,156,168,RB,LAC,5982,140.7,15.01,37,75,180,32.3,7,2qb,10,6,5177,2026-07-24,2026-08-23
Isaiah Likely,157,169,TE,NYG,5661,140.9,15.01,287,99,178,16,8,2qb,10,6,5177,2026-07-24,2026-08-23
Dalton Kincaid,158,171,TE,BUF,5688,142.3,15.02,84,95,180,18.1,7,2qb,10,6,5177,2026-07-24,2026-08-23
Michael Penix Jr.,159,172,QB,ATL,5649,142.3,15.02,20,112,179,18.3,11,2qb,10,6,5177,2026-07-24,2026-08-23
Carson Beck,160,173,QB,ARI,6209,142.5,15.03,29,122,150,7.6,14,2qb,10,6,5177,2026-07-24,2026-08-23
Braelon Allen,161,174,RB,NYJ,6176,142.8,15.03,5,123,160,14.1,13,2qb,10,6,5177,2026-07-24,2026-08-23
Kirk Cousins,162,175,QB,LV,1902,143.1,15.03,89,97,180,21.6,13,2qb,10,6,5177,2026-07-24,2026-08-23
Theo Wease Jr.,163,176,WR,MIA,6489,143.7,15.04,66,121,171,11.2,6,2qb,10,6,5177,2026-07-24,2026-08-23
Jerry Jeudy,164,179,WR,CLE,4861,144.7,15.05,70,106,177,14.8,11,2qb,10,6,5177,2026-07-24,2026-08-23
John Metchie III,165,178,WR,CAR,5582,144.7,15.05,21,131,150,5.2,5,2qb,10,6,5177,2026-07-24,2026-08-23
Tyjae Spears,166,180,RB,TEN,5692,144.9,15.05,13,95,177,25.4,9,2qb,10,6,5177,2026-07-24,2026-08-23
Rashod Bateman,167,182,WR,BAL,5180,145.1,15.05,29,109,164,13.8,13,2qb,10,6,5177,2026-07-24,2026-08-23
Juwan Johnson,168,184,TE,NO,5151,145.7,15.06,16,116,178,21.6,8,2qb,10,6,5177,2026-07-24,2026-08-23
J.J. McCarthy,169,186,QB,MIN,6185,146.2,15.06,5,133,174,16.3,6,2qb,10,6,5177,2026-07-24,2026-08-23
Hunter Henry,170,187,TE,NE,2354,147.3,15.07,23,118,178,16.8,11,2qb,10,6,5177,2026-07-24,2026-08-23
Isiah Pacheco,171,189,RB,DET,5337,147.8,15.08,71,98,178,18.8,6,2qb,10,6,5177,2026-07-24,2026-08-23
Jalen McMillan,172,190,WR,TB,6282,148.1,15.08,66,118,175,13.4,10,2qb,10,6,5177,2026-07-24,2026-08-23
Chig Okonkwo,173,191,TE,WAS,5453,148.2,15.08,9,97,176,25.3,7,2qb,10,6,5177,2026-07-24,2026-08-23
Ja'Kobi Lane,174,194,WR,BAL,6787,149.5,15.10,10,130,174,13.4,13,2qb,10,6,5177,2026-07-24,2026-08-23
Alvin Kamara,175,197,RB,NO,2439,150.6,16.01,77,101,179,18.8,8,2qb,10,6,5177,2026-07-24,2026-08-23
Tyler Allgeier,176,198,RB,ARI,5655,150.9,16.01,53,115,180,21,14,2qb,10,6,5177,2026-07-24,2026-08-23
Keenan Allen,177,201,WR,IND,1992,151.1,16.01,21,121,171,15.3,13,2qb,10,6,5177,2026-07-24,2026-08-23
Brian Robinson,178,204,RB,ATL,5605,152.5,16.02,11,121,180,18.6,11,2qb,10,6,5177,2026-07-24,2026-08-23
Woody Marks,179,207,RB,HOU,6529,153.7,16.04,73,108,178,17.3,8,2qb,10,6,5177,2026-07-24,2026-08-23
Travis Hunter,180,208,WR,JAX,6563,153.7,16.04,23,102,174,19.8,7,2qb,10,6,5177,2026-07-24,2026-08-23
Jalen Nailor,181,209,WR,LV,5334,153.8,16.04,90,114,179,15.2,13,2qb,10,6,5177,2026-07-24,2026-08-23
Dontayvion Wicks,182,210,WR,PHI,5725,154.1,16.04,7,123,176,22.7,10,2qb,10,6,5177,2026-07-24,2026-08-23
Ryan Flournoy,183,212,WR,DAL,6304,154.8,16.05,6,134,162,10.5,14,2qb,10,6,5177,2026-07-24,2026-08-23
Chris Rodriguez Jr.,184,215,RB,JAX,5717,155.3,16.05,36,124,179,15.4,7,2qb,10,6,5177,2026-07-24,2026-08-23
Jauan Jennings,185,217,WR,MIN,5020,156.9,16.07,57,123,175,12.8,6,2qb,10,6,5177,2026-07-24,2026-08-23
Isaac TeSlaa,186,219,WR,DET,6580,157.8,16.08,12,124,177,17,6,2qb,10,6,5177,2026-07-24,2026-08-23
Denzel Boston,187,220,WR,CLE,6778,158,16.08,103,120,179,14.6,11,2qb,10,6,5177,2026-07-24,2026-08-23
Mike Washington Jr.,188,221,RB,LV,6803,158.1,16.08,16,131,175,15.6,13,2qb,10,6,5177,2026-07-24,2026-08-23
Tyrone Tracy Jr.,189,224,RB,NYG,6276,158.8,16.09,35,111,180,20.2,8,2qb,10,6,5177,2026-07-24,2026-08-23
Tank Dell,190,227,WR,HOU,5711,160.6,17.01,74,126,180,13,8,2qb,10,6,5177,2026-07-24,2026-08-23
Antonio Williams,191,228,WR,WAS,6789,161.2,17.01,25,120,180,18.6,7,2qb,10,6,5177,2026-07-24,2026-08-23
Omar Cooper Jr.,192,230,WR,NYJ,6775,161.6,17.02,17,134,180,14.9,13,2qb,10,6,5177,2026-07-24,2026-08-23
Cooper Kupp,193,232,WR,SEA,2449,163,17.03,57,129,180,13,11,2qb,10,6,5177,2026-07-24,2026-08-23
Malachi Fields,194,233,WR,NYG,6784,163.4,17.03,5,155,170,7.8,8,2qb,10,6,5177,2026-07-24,2026-08-23
Tre' Harris,195,234,WR,LAC,6525,165,17.05,5,154,175,7.7,7,2qb,10,6,5177,2026-07-24,2026-08-23
Germie Bernard,196,235,WR,PIT,6779,165.7,17.06,6,150,180,12,9,2qb,10,6,5177,2026-07-24,2026-08-23
Malik Washington,197,236,WR,MIA,6287,166.2,17.06,44,133,180,13.3,6,2qb,10,6,5177,2026-07-24,2026-08-23
Adonai Mitchell,198,237,WR,NYJ,6184,167.8,17.08,27,145,179,8.5,13,2qb,10,6,5177,2026-07-24,2026-08-23
Tank Bigsby,199,239,RB,PHI,5691,167.9,17.08,36,133,180,13.2,10,2qb,10,6,5177,2026-07-24,2026-08-23
MarShawn Lloyd,200,238,RB,GB,5622,167.9,17.08,11,141,179,15.2,11,2qb,10,6,5177,2026-07-24,2026-08-23
Kaytron Allen,201,240,RB,WAS,6820,168.6,17.09,5,166,170,1.9,7,2qb,10,6,5177,2026-07-24,2026-08-23
Kayshon Boutte,202,242,WR,NE,5694,171,18.01,9,133,179,14.7,11,2qb,10,6,5177,2026-07-24,2026-08-23
