name,Rank,source_rank,position,source_position,team,source_player_id,games_played,pass_attempts,pass_completions,pass_yards,pass_yards_per_game,pass_touchdowns,interceptions,passer_rating,rush_attempts,rush_yards,rush_average,rush_touchdowns,fumbles_lost,projected_fantasy_points,projected_fantasy_points_per_game,season
Josh Allen,1,1,QB,QB,BUF,2181054,17,488,334,3717,218.6,30,13,100.2,125,611,4.9,11,4,402,23.6,2026
Lamar Jackson,2,2,QB,QB,BAL,2181169,17,406,269,3365,197.9,33,11,107.6,107,604,5.6,3,4,362,21.3,2026
Dak Prescott,3,3,QB,QB,DAL,1824864,17,614,401,4432,260.7,33,12,96.4,51,173,3.4,2,2,361,21.2,2026
Trevor Lawrence,4,4,QB,QB,JAC,2967185,17,537,326,3845,226.2,31,15,90.1,77,330,4.3,6,3,357,21,2026
Jayden Daniels,5,5,QB,QB,WAS,3123337,17,463,292,3418,201.1,26,12,93.3,140,746,5.3,5,2,354,20.8,2026
Joe Burrow,6,7,QB,QB,CIN,2179798,17,621,409,4264,250.8,34,14,94.4,32,165,5.2,1,1,350,20.6,2026
Brock Purdy,7,6,QB,QB,SF,2961306,17,559,380,4130,242.9,30,16,95.5,81,350,4.3,5,5,350,20.6,2026
Drake Maye,8,9,QB,QB,NE,26695757,17,474,326,3844,226.1,28,11,103.2,101,514,5.1,4,6,349,20.5,2026
Caleb Williams,9,8,QB,QB,CHI,26695775,17,580,339,3907,229.8,30,10,88.9,79,402,5.1,2,2,349,20.5,2026
Jalen Hurts,10,10,QB,QB,PHI,2240246,17,471,303,3377,198.6,26,6,98.7,118,490,4.2,8,4,348,20.5,2026
Jaxson Dart,11,11,QB,QB,NYG,26694019,17,509,316,3519,207,26,14,88.2,99,531,5.4,7,2,346,20.4,2026
Patrick Mahomes,12,12,QB,QB,KC,2142052,17,568,354,3687,216.9,29,12,89.3,71,437,6.2,4,1,345,20.3,2026
Matthew Stafford,13,13,QB,QB,LAR,1114942,17,539,343,4048,238.1,34,7,102,27,38,1.4,0,2,341,20.1,2026
Jared Goff,14,14,QB,QB,DET,2061053,17,526,367,4249,249.9,34,10,107.5,21,45,2.1,0,4,337,19.8,2026
Justin Herbert,15,15,QB,QB,LAC,2221960,17,527,352,3772,221.9,28,13,95,83,517,6.2,2,2,334,19.6,2026
Baker Mayfield,16,16,QB,QB,TB,2080032,17,555,356,3949,232.3,29,15,91.3,59,398,6.8,2,3,333,19.6,2026
Daniel Jones,17,17,QB,QB,IND,2179245,17,519,333,3846,226.2,30,11,96.9,52,167,3.2,3,3,324,19.1,2026
Sam Darnold,18,18,QB,QB,SEA,2180320,17,498,339,4131,243,32,13,103.9,48,145,3,0,6,315,18.5,2026
Kyler Murray,19,20,QB,QB,MIN,2180829,17,479,313,3478,204.6,28,20,88.9,83,492,5.9,4,4,315,18.5,2026
Malik Willis,20,19,QB,QB,MIA,2804167,17,460,312,3101,182.4,25,17,89.4,145,725,5,5,6,315,18.5,2026
B. Nix,21,21,QB,QB,DEN,3121193,17,574,363,3507,206.3,27,10,88.7,73,306,4.2,3,1,314,18.5,2026
C.J. Stroud,22,22,QB,QB,HOU,3163079,17,572,352,3924,230.8,28,12,89.5,55,249,4.5,1,3,310,18.2,2026
Tyler Shough,23,23,QB,QB,NO,2964064,17,558,372,4013,236.1,24,14,91.5,75,328,4.4,4,4,308,18.1,2026
Jordan Love,24,24,QB,QB,GB,2239997,17,475,310,3692,217.2,29,10,100.4,46,187,4.1,0,2,300,17.6,2026
Bryce Young,25,25,QB,QB,CAR,3161957,17,515,332,3383,199,26,14,88.7,61,283,4.6,4,2,293,17.2,2026
Jacoby Brissett,26,26,QB,QB,ARI,1877247,17,586,377,3773,221.9,24,12,87.6,56,255,4.6,2,6,278,16.4,2026
Cam Ward,27,27,QB,QB,TEN,3168422,17,561,331,3341,196.5,24,10,82.9,37,148,4,3,6,259,15.2,2026
Geno Smith,28,28,QB,QB,NYJ,1700358,17,492,310,2944,173.2,25,16,82.9,58,255,4.4,1,1,248,14.6,2026
Aaron Rodgers,29,29,QB,QB,PIT,419780,17,477,301,3035,178.5,22,9,88.7,21,68,3.2,1,2,234,13.8,2026
Deshaun Watson,30,30,QB,QB,CLE,2133482,17,429,257,2652,156,17,11,80.3,60,256,4.3,2,5,200,11.8,2026
Fernando Mendoza,31,31,QB,QB,LV,28916321,17,419,280,2608,153.4,18,16,82.1,51,257,5,1,2,194,11.4,2026
Michael Penix Jr.,32,32,QB,QB,ATL,2963496,17,315,192,2155,126.8,15,6,89.3,22,66,3,1,2,161,9.5,2026
Tua Tagovailoa,33,33,QB,QB,ATL,2741209,17,210,128,1436,84.5,10,4,89.3,11,24,2.2,0,1,101,5.9,2026
Kirk Cousins,34,34,QB,QB,LV,1272574,17,102,69,666,39.2,5,4,85.7,7,9,1.3,0,1,38,2.2,2026
Shedeur Sanders,35,35,QB,QB,CLE,26710004,17,107,64,663,39,4,3,78.5,10,65,6.5,0,1,36,2.1,2026
T. Simpson,36,36,QB,QB,LAR,28878532,17,60,38,450,26.5,4,1,101.4,7,32,4.6,0,0,34,2,2026
Marcus Mariota,37,37,QB,QB,WAS,1880862,17,46,29,342,20.1,3,1,98.3,1,6,6,0,0,21,1.2,2026
Mason Rudolph,38,42,QB,QB,PIT,2131167,17,21,13,135,7.9,1,0,96.3,4,17,4.3,0,0,9,0.5,2026
Jarrett Stidham,39,45,QB,QB,DEN,2180697,17,24,15,143,8.4,1,0,92.9,5,19,3.8,0,0,9,0.5,2026
Shane Buechele,40,39,QB,QB,BUF,2240307,17,20,14,151,8.9,1,0,108.5,4,20,5,0,0,9,0.5,2026
Desmond Ridder,41,38,QB,QB,GB,2864759,17,19,13,151,8.9,1,0,109.8,5,21,4.2,0,0,9,0.5,2026
Davis Mills,42,41,QB,QB,HOU,2867381,17,23,14,160,9.4,1,0,96.3,5,19,3.8,0,0,9,0.5,2026
Joe Milton III,43,40,QB,QB,DAL,2962193,17,25,16,181,10.6,1,0,98.9,5,21,4.2,0,0,9,0.5,2026
Will Levis,44,44,QB,QB,TEN,2964377,17,23,14,136,8,1,0,91.9,4,19,4.8,0,0,9,0.5,2026
Tyler Huntley,45,43,QB,QB,BAL,3159137,17,17,11,133,7.8,1,0,108.2,5,28,5.6,0,0,9,0.5,2026
Mitch Trubisky,46,47,QB,QB,TEN,2060476,17,23,12,123,7.2,1,0,82.3,4,7,1.8,0,0,8,0.5,2026
Joshua Dobbs,47,55,QB,QB,DET,2071844,17,22,16,180,10.6,1,0,111.9,5,9,1.8,0,0,8,0.5,2026
Gardner Minshew,48,52,QB,QB,ARI,2183083,17,24,15,154,9.1,1,0,94.8,4,16,4,0,0,8,0.5,2026
Behren Morton,49,53,QB,QB,NE,26696177,17,15,10,118,6.9,1,0,112.6,2,9,4.5,0,0,8,0.5,2026
Garrett Nussmeier,50,57,QB,QB,KC,26701706,17,17,11,111,6.5,1,0,102.8,2,8,4,0,0,8,0.5,2026
Cole Payton,51,49,QB,QB,PHI,26725861,17,14,9,105,6.2,1,0,110.7,2,10,5,0,0,8,0.5,2026
Nick Mullens,52,48,QB,QB,JAC,2819104,17,15,11,102,6,1,0,113.7,5,4,0.8,0,0,8,0.5,2026
Tyson Bagent,53,56,QB,QB,CHI,29081346,17,21,14,158,9.3,1,0,104.9,5,14,2.8,0,0,8,0.5,2026
Tanner McKee,54,46,QB,QB,PHI,2963945,17,19,12,129,7.6,1,0,100.5,5,16,3.2,0,0,8,0.5,2026
Adrian Martinez,55,50,QB,QB,SF,2966360,17,16,11,115,6.8,1,0,110.2,3,7,2.3,0,0,8,0.5,2026
Carson Beck,56,51,QB,QB,ARI,3163129,17,18,12,115,6.8,1,0,102.8,2,7,3.5,0,0,8,0.5,2026
Anthony Richardson,57,54,QB,QB,IND,3163263,2,16,10,109,54.5,1,0,103.4,5,20,4,0,0,8,4,2026
Andy Dalton,58,62,QB,QB,PHI,1125961,17,19,13,140,8.2,1,0,107.3,5,23,4.6,0,1,7,0.4,2026
Justin Fields,59,63,QB,QB,KC,1273205,17,23,14,148,8.7,1,1,76,4,21,5.3,0,0,7,0.4,2026
Kyle Allen,60,67,QB,QB,BUF,2131782,17,15,8,96,5.6,1,0,95.4,3,2,0.7,0,0,7,0.4,2026
Jake Browning,61,60,QB,QB,TB,2180355,17,23,14,152,8.9,1,1,76.7,5,26,5.2,0,0,7,0.4,2026
Drew Lock,62,75,QB,QB,SEA,2185479,17,20,13,159,9.4,1,1,85.2,5,21,4.2,0,0,7,0.4,2026
Chris Oladokun,63,66,QB,QB,KC,2261701,17,23,14,148,8.7,1,0,94.1,4,18,4.5,0,1,7,0.4,2026
Jalen Milroe,64,70,QB,QB,SEA,26694943,17,11,7,90,5.3,1,0,119.5,5,15,3,0,0,7,0.4,2026
J.J. McCarthy,65,58,QB,QB,MIN,26695214,17,19,12,137,8.1,1,1,80.4,4,19,4.8,0,0,7,0.4,2026
Riley Leonard,66,73,QB,QB,IND,26699092,17,22,14,161,9.5,1,0,100.8,5,20,4,0,1,7,0.4,2026
Quinn Ewers,67,68,QB,QB,MIA,26746721,17,19,13,124,7.3,1,1,81.9,4,19,4.8,0,0,7,0.4,2026
Mac Jones,68,72,QB,QB,SF,2741202,17,23,15,167,9.8,1,1,83.1,5,18,3.6,0,0,7,0.4,2026
Kenny Pickett,69,74,QB,QB,CAR,2804969,17,21,13,135,7.9,1,1,76.5,4,22,5.5,0,0,7,0.4,2026
Cade Klubnik,70,69,QB,QB,NYJ,28874636,17,15,10,90,5.3,1,0,104.9,2,9,4.5,0,0,7,0.4,2026
Drew Allar,71,59,QB,QB,PIT,28876938,17,16,10,101,5.9,1,0,101.3,2,8,4,0,0,7,0.4,2026
Trey Lance,72,64,QB,QB,LAC,2969444,17,22,14,149,8.8,1,1,79.5,4,19,4.8,0,0,7,0.4,2026
Spencer Rattler,73,65,QB,QB,NO,3125863,17,23,15,160,9.4,1,1,81.8,4,17,4.3,0,0,7,0.4,2026
Will Howard,74,71,QB,QB,PIT,3162310,17,16,10,101,5.9,1,0,101.3,2,8,4,0,0,7,0.4,2026
Brady Cook,75,61,QB,QB,NYJ,3163207,17,20,13,120,7.1,1,1,77.1,4,21,5.3,0,0,7,0.4,2026
Jameis Winston,76,76,QB,QB,NYG,1998197,17,21,13,144,8.5,1,1,78.3,5,22,4.4,0,1,5,0.3,2026
Joe Flacco,77,77,QB,QB,CIN,1250697,17,25,17,174,10.2,1,1,84.4,4,16,4,0,1,4,0.2,2026
