name,Rank,source_rank,position,team,source_player_id,bye,receptions,receiving_yards,receiving_touchdowns,projected_fantasy_points,source_updated_date,season
Brock Bowers,1,1,TE,LV,18922,13,103,1088,7,202.3,2026-08-30,2026
Trey McBride,2,2,TE,ARI,18148,14,104,1049,7,198.9,2026-08-30,2026
Colston Loveland,3,3,TE,CHI,19428,10,73,848,6,157.3,2026-08-30,2026
Tyler Warren,4,4,TE,IND,19539,13,78,836,5,152.6,2026-08-30,2026
Harold Fannin Jr.,5,5,TE,CLE,19359,11,77,801,5,148.6,2026-08-30,2026
Kyle Pitts,6,6,TE,ATL,17682,11,76,856,4,147.6,2026-08-30,2026
Travis Kelce,7,7,TE,KC,13217,5,73,771,4,137.6,2026-08-30,2026
Sam LaPorta,8,8,TE,DET,18573,6,61,745,5,135,2026-08-30,2026
Mark Andrews,9,9,TE,BAL,16268,13,61,645,6,131,2026-08-30,2026
Tucker Kraft,10,10,TE,GB,18570,11,57,724,5,130.9,2026-08-30,2026
Dallas Goedert,11,11,TE,PHI,16151,10,58,625,6,127.5,2026-08-30,2026
George Kittle,12,12,TE,SF,15929,8,57,655,5,124,2026-08-30,2026
Jake Ferguson,13,13,TE,DAL,18072,14,71,585,5,124,2026-08-30,2026
Dalton Kincaid,14,14,TE,BUF,18569,7,52,645,5,120.5,2026-08-30,2026
Hunter Henry,15,15,TE,NE,15603,11,55,624,5,119.9,2026-08-30,2026
Isaiah Likely,16,16,TE,NYG,18134,8,56,656,4,117.6,2026-08-30,2026
Dalton Schultz,17,17,TE,HOU,16152,8,67,646,3,116.1,2026-08-30,2026
Juwan Johnson,18,18,TE,NO,17335,8,60,676,3,115.6,2026-08-30,2026
Pat Freiermuth,19,19,TE,PIT,17574,9,53,566,5,113.1,2026-08-30,2026
Greg Dulcich,20,20,TE,MIA,18059,6,54,606,4,111.6,2026-08-30,2026
Brenton Strange,21,21,TE,JAC,18664,7,51,571,4,106.6,2026-08-30,2026
T.J. Hockenson,22,22,TE,MIN,16600,6,59,568,3,104.3,2026-08-30,2026
AJ Barner,23,23,TE,SEA,18911,11,54,504,4,101.4,2026-08-30,2026
Terrance Ferguson,24,24,TE,LAR,19362,11,42,490,5,100,2026-08-30,2026
Cade Otton,25,25,TE,TB,18171,10,53,525,3,97,2026-08-30,2026
Chigoziem Okonkwo,26,26,TE,WAS,18167,7,54,519,3,96.9,2026-08-30,2026
Evan Engram,27,27,TE,DEN,15862,10,57,484,3,94.9,2026-08-30,2026
Mike Gesicki,28,28,TE,CIN,16281,6,43,450,4,90.5,2026-08-30,2026
Gunnar Helm,29,29,TE,TEN,19387,9,45,455,3,86,2026-08-30,2026
Mason Taylor,30,30,TE,NYJ,19521,13,50,481,2,85.1,2026-08-30,2026
Darren Waller,31,31,TE,CAR,15340,5,41,397,4,84.2,2026-08-30,2026
Michael Mayer,32,32,TE,LV,18586,13,43,420,3,81.5,2026-08-30,2026
David Njoku,33,33,TE,LAC,15971,7,45,369,3,77.4,2026-08-30,2026
Kenyon Sadiq,34,34,TE,NYJ,19865,13,39,455,2,77,2026-08-30,2026
Oronde Gadsden,35,35,TE,LAC,19367,7,34,414,3,76.4,2026-08-30,2026
Cole Kmet,36,36,TE,CHI,17140,10,35,374,3,72.9,2026-08-30,2026
Dawson Knox,37,37,TE,BUF,16629,7,26,329,3,63.9,2026-08-30,2026
Colby Parkinson,38,38,TE,LAR,17173,11,31,301,3,63.6,2026-08-30,2026
Darnell Washington,39,39,TE,PIT,18687,9,26,299,2,54.9,2026-08-30,2026
Theo Johnson,40,40,TE,NYG,19010,8,24,282,2,52.2,2026-08-30,2026
Noah Fant,41,41,TE,NO,16564,8,27,255,2,51,2026-08-30,2026
Jake Tonges,42,42,TE,SF,18301,8,25,265,2,51,2026-08-30,2026
Austin Hooper,43,43,TE,ATL,15610,11,22,245,2,47.5,2026-08-30,2026
Noah Gray,44,44,TE,KC,17587,5,22,234,2,46.4,2026-08-30,2026
Tyler Higbee,45,45,TE,LAR,15605,11,20,236,2,45.6,2026-08-30,2026
Elijah Arroyo,46,46,TE,SEA,19304,11,23,216,2,45.1,2026-08-30,2026
Tommy Tremble,47,47,TE,CAR,17731,5,22,215,2,44.5,2026-08-30,2026
Luke Musgrave,48,48,TE,GB,18604,11,23,219,1,39.4,2026-08-30,2026
Josh Oliver,49,49,TE,MIN,16668,6,17,188,2,39.3,2026-08-30,2026
Charlie Kolar,50,50,TE,LAC,18129,7,21,209,1,37.4,2026-08-30,2026
Elijah Higgins,51,51,TE,ARI,18542,14,19,184,1,33.9,2026-08-30,2026
Adam Trautman,52,52,TE,DEN,17231,10,16,190,1,33,2026-08-30,2026
Cade Stover,53,53,TE,HOU,19114,8,16,161,1,30.1,2026-08-30,2026
Will Kacmarek,54,54,TE,MIA,19949,6,15,156,1,29.1,2026-08-30,2026
Daniel Bellinger,55,55,TE,TEN,18014,9,14,153,1,28.3,2026-08-30,2026
Luke Schoonmaker,56,56,TE,DAL,18640,14,15,146,1,28.1,2026-08-30,2026
Brock Wright,57,57,TE,DET,17825,6,10,104,2,27.4,2026-08-30,2026
Drew Sample,58,58,TE,CIN,16687,6,14,138,1,26.8,2026-08-30,2026
Mo Alie-Cox,59,59,TE,IND,16376,13,13,124,1,24.9,2026-08-30,2026
Eli Stowers,60,60,TE,PHI,19785,10,13,122,1,24.7,2026-08-30,2026
John Bates,61,61,TE,WAS,17510,7,12,115,1,23.5,2026-08-30,2026
Ja'Tavion Sanders,62,62,TE,CAR,19103,5,11,115,1,23,2026-08-30,2026
Durham Smythe,63,63,TE,BAL,16176,13,10,94,1,20.4,2026-08-30,2026
Hunter Long,64,64,TE,JAC,17629,7,7,82,0,11.7,2026-08-30,2026
Blake Whiteheart,65,65,TE,CLE,19199,11,7,74,0,10.9,2026-08-30,2026
Payne Durham,66,66,TE,TB,18512,10,7,60,0,9.5,2026-08-30,2026
