name,Rank,position,team,position_rank,tier,rank_min,rank_max,rank_ave,rank_std,source_player_id
Josh Allen,1,QB,BUF,QB1,1,1,2,1.01,0.10,17298
Lamar Jackson,2,QB,BAL,QB2,1,2,8,2.58,1.06,17233
Drake Maye,3,QB,NE,QB3,1,2,17,3.48,1.81,23046
Joe Burrow,4,QB,CIN,QB4,1,2,13,4.82,1.95,19196
Jalen Hurts,5,QB,PHI,QB5,2,3,17,7.00,3.13,19275
Ja'Marr Chase,6,WR,CIN,WR1,2,6,12,7.09,2.08,19788
Jayden Daniels,7,QB,WAS,QB6,2,2,26,7.32,4.62,22902
Caleb Williams,8,QB,CHI,QB7,2,4,19,9.67,4.33,23084
Jahmyr Gibbs,9,RB,DET,RB1,2,2,13,10.17,2.03,22968
Puka Nacua,10,WR,LAR,WR2,2,6,21,11.04,2.75,23180
Bijan Robinson,11,RB,ATL,RB2,2,3,13,11.95,1.90,23133
Justin Herbert,12,QB,LAC,QB8,2,4,29,12.12,6.07,18635
Jaxon Smith-Njigba,13,WR,SEA,WR3,3,6,21,12.62,2.04,23070
Amon-Ra St. Brown,14,WR,DET,WR4,3,11,21,13.54,1.94,19799
Trevor Lawrence,15,QB,JAC,QB9,3,4,30,14.65,6.27,19780
Dak Prescott,16,QB,DAL,QB10,3,4,30,14.96,5.61,15600
Christian McCaffrey,17,RB,SF,RB3,3,14,42,19.42,7.48,16393
CeeDee Lamb,18,WR,DAL,WR5,3,14,28,20.72,2.45,19202
Justin Jefferson,19,WR,MIN,WR6,3,12,45,21.17,3.75,19236
Brock Purdy,20,QB,SF,QB11,4,8,41,22.73,6.86,19797
Bo Nix,21,QB,DEN,QB12,4,9,50,23.83,6.55,22910
Jonathan Taylor,22,RB,IND,RB4,4,12,48,24.30,7.59,19217
Jaxson Dart,23,QB,NYG,QB13,4,7,55,25.33,9.89,23160
Drake London,24,WR,ATL,WR7,4,20,43,25.82,4.80,23163
A.J. Brown,25,WR,NE,WR8,4,14,53,26.86,6.80,18218
Patrick Mahomes II,26,QB,KC,QB14,4,9,55,28.46,8.08,16413
James Cook III,27,RB,BUF,RB5,4,15,46,28.79,8.38,22958
Nico Collins,28,WR,HOU,WR9,4,21,44,29.87,5.48,20130
Jared Goff,29,QB,DET,QB15,4,8,50,30.72,8.55,15501
Chase Brown,30,RB,CIN,RB6,4,15,49,31.22,8.05,25324
Chris Olave,31,WR,NO,WR10,4,21,52,31.27,7.46,20111
Matthew Stafford,32,QB,LAR,QB16,4,16,56,31.74,9.67,9451
Trey McBride,33,TE,ARI,TE1,5,29,52,33.67,5.50,22936
George Pickens,34,WR,DAL,WR11,5,21,57,35.76,6.75,22963
De'Von Achane,35,RB,MIA,RB7,5,22,54,36.49,7.87,23136
Brock Bowers,36,TE,LV,TE2,5,21,78,37.86,6.67,22955
DeVonta Smith,37,WR,PHI,WR12,5,20,63,38.31,8.16,19222
Kyler Murray,38,QB,MIN,QB17,5,19,66,38.90,10.70,18600
Saquon Barkley,39,RB,PHI,RB8,5,22,58,39.86,6.11,17240
Malik Nabers,40,WR,NYG,WR13,5,23,68,40.07,9.86,25409
Omarion Hampton,41,RB,LAC,RB9,5,15,61,41.19,8.15,25395
Kenneth Walker III,42,RB,KC,RB10,5,23,71,41.46,8.31,23021
Rashee Rice,43,WR,KC,WR14,5,23,89,43.39,11.87,23113
Jordan Love,44,QB,GB,QB18,5,19,56,43.47,9.95,19246
Ashton Jeanty,45,RB,LV,RB11,5,15,74,44.13,10.28,25989
Baker Mayfield,46,QB,TB,QB19,6,19,60,45.82,9.47,17237
Garrett Wilson,47,WR,NYJ,WR15,6,24,64,46.25,7.74,23072
Zay Flowers,48,WR,BAL,WR16,6,27,68,46.55,8.38,22916
Ladd McConkey,49,WR,LAC,WR17,6,28,73,50.67,9.16,26122
Jaylen Waddle,50,WR,DEN,WR18,6,34,80,50.88,8.98,19790
Tyler Shough,51,QB,NO,QB20,6,19,69,51.11,9.29,23096
Tetairoa McMillan,52,WR,CAR,WR19,6,28,73,52.10,7.91,25417
Malik Willis,53,QB,MIA,QB21,6,26,83,52.44,11.36,23499
Colston Loveland,54,TE,CHI,TE3,6,39,104,52.49,13.54,26006
Tee Higgins,55,WR,CIN,WR20,6,35,72,53.39,7.58,19211
Derrick Henry,56,RB,BAL,RB12,6,35,71,54.64,8.49,15514
Breece Hall,57,RB,NYJ,RB13,6,45,74,56.45,6.64,22982
Jeremiyah Love,58,RB,ARI,RB14,6,40,85,56.86,9.67,25403
Emeka Egbuka,59,WR,TB,WR21,6,27,89,57.92,9.68,23062
Kyren Williams,60,RB,LAR,RB15,6,42,79,60.48,8.03,23059
Sam Darnold,61,QB,SEA,QB22,6,38,83,61.64,6.44,17236
Javonte Williams,62,RB,DAL,RB16,6,42,81,62.04,7.99,22739
Travis Etienne Jr.,63,RB,NO,RB17,7,48,81,64.07,7.90,19231
C.J. Stroud,64,QB,HOU,QB23,7,32,83,64.18,6.15,23071
Luther Burden III,65,WR,CHI,WR22,7,36,91,65.52,9.85,27016
Daniel Jones,66,QB,IND,QB24,7,50,118,65.83,8.80,18232
Terry McLaurin,67,WR,WAS,WR23,7,44,89,66.76,7.41,18466
Davante Adams,68,WR,LAR,WR24,7,51,92,70.28,8.59,12123
Cam Ward,69,QB,TEN,QB25,7,50,118,71.39,9.18,24755
DJ Moore,70,WR,BUF,WR25,7,35,122,72.25,13.12,17265
Jameson Williams,71,WR,DET,WR26,7,51,107,73.21,10.18,23677
D'Andre Swift,72,RB,CHI,RB18,7,54,97,73.25,8.18,19210
Tyler Warren,73,TE,IND,TE4,7,39,93,73.94,11.95,26434
Christian Watson,74,WR,GB,WR27,7,57,107,76.50,9.53,23886
Bucky Irving,75,RB,TB,RB19,7,58,108,76.64,8.56,25981
Cam Skattebo,76,RB,NYG,RB20,7,54,99,77.58,8.93,27166
Rome Odunze,77,WR,CHI,WR28,7,57,110,79.09,9.59,25411
Mike Evans,78,WR,SF,WR29,7,52,123,79.34,12.51,12119
Parker Washington,79,WR,JAC,WR30,7,53,123,79.39,14.59,23106
Bryce Young,80,QB,CAR,QB26,7,60,127,77.18,8.70,22900
David Montgomery,81,RB,HOU,RB21,7,58,98,80.69,8.59,18239
Quinshon Judkins,82,RB,CLE,RB22,7,61,102,81.30,8.26,25391
Bhayshul Tuten,83,RB,JAC,RB23,7,63,108,86.54,9.51,27297
Carnell Tate,84,WR,TEN,WR31,8,63,140,87.50,15.30,26009
Jadarian Price,85,RB,SEA,RB24,8,61,116,87.83,9.69,27329
Marvin Harrison Jr.,86,WR,ARI,WR32,8,68,124,89.32,11.86,23064
Jacoby Brissett,87,QB,ARI,QB27,8,63,127,85.50,14.22,15642
TreVeyon Henderson,88,RB,NE,RB25,8,71,111,90.73,9.22,23065
Chris Godwin Jr.,89,WR,TB,WR33,8,63,140,93.78,13.84,16406
Rhamondre Stevenson,90,RB,NE,RB26,8,74,131,94.28,9.04,22726
Jaylen Warren,91,RB,PIT,RB27,8,77,116,94.59,7.38,24209
Harold Fannin Jr.,92,TE,CLE,TE5,8,78,125,94.99,10.82,27050
Tucker Kraft,93,TE,GB,TE6,8,47,142,98.15,14.30,25298
Kyle Pitts Sr.,94,TE,ATL,TE7,8,84,115,98.50,10.21,20164
DK Metcalf,95,WR,PIT,WR34,8,69,128,98.81,11.42,18219
Brian Thomas Jr.,96,WR,JAC,WR35,8,72,133,100.04,12.75,23000
Michael Pittman Jr.,97,WR,PIT,WR36,8,73,129,100.28,12.18,19278
Aaron Rodgers,98,QB,PIT,QB28,8,63,175,93.25,18.57,9001
Tony Pollard,99,RB,TEN,RB28,8,85,132,103.69,9.13,18705
Courtland Sutton,100,WR,DEN,WR37,8,75,133,104.19,13.30,17253
Wan'Dale Robinson,101,WR,TEN,WR38,8,69,140,104.50,11.11,22985
Sam LaPorta,102,TE,DET,TE8,8,78,142,104.83,12.06,22978
Rico Dowdle,103,RB,PIT,RB29,8,88,133,105.54,10.34,19647
Michael Wilson,104,WR,ARI,WR39,8,75,138,106.09,13.64,25333
Josh Downs,105,WR,IND,WR40,8,73,144,106.41,13.14,24706
Jonathon Brooks,106,RB,CAR,RB30,8,77,179,106.70,17.61,26148
Geno Smith,107,QB,NYJ,QB29,8,66,158,98.10,17.68,11687
Stefon Diggs,108,WR,WAS,WR41,8,75,204,111.03,23.71,13981
Quentin Johnston,109,WR,LAC,WR42,8,88,157,111.60,13.41,23123
RJ Harvey,110,RB,DEN,RB31,8,81,152,111.89,14.11,27142
Travis Kelce,111,TE,KC,TE9,9,78,148,114.65,11.81,11594
George Kittle,112,TE,SF,TE10,9,86,160,115.14,11.48,16499
Alec Pierce,113,WR,IND,WR43,9,73,147,115.56,16.47,23791
Kenny Gainwell,114,RB,TB,RB32,9,88,152,115.64,12.03,23310
Chuba Hubbard,115,RB,CAR,RB33,9,88,152,116.17,14.54,19792
J.K. Dobbins,116,RB,DEN,RB34,9,92,139,118.61,12.37,19245
Jayden Reed,117,WR,GB,WR44,9,90,149,118.73,13.39,23020
MarShawn Lloyd,118,RB,GB,RB35,9,81,258,120.43,35.82,23118
Jakobi Meyers,119,WR,JAC,WR45,9,89,158,122.14,15.50,18598
Makai Lemon,120,WR,PHI,WR46,9,89,183,122.43,16.56,25420
Jordan Addison,121,WR,MIN,WR47,9,89,158,122.76,12.78,23107
KC Concepcion,122,WR,CLE,WR48,9,90,158,123.62,15.63,27331
Blake Corum,123,RB,LAR,RB36,9,98,150,124.28,12.57,23013
Dalton Kincaid,124,TE,BUF,TE11,9,106,153,125.63,10.62,25247
Rachaad White,125,RB,WAS,RB37,9,95,163,126.81,13.40,23891
Jordan Mason,126,RB,MIN,RB38,9,95,163,127.51,15.25,22969
Jacory Croskey-Merritt,127,RB,WAS,RB39,9,88,150,128.36,12.70,27316
Isaiah Likely,128,TE,NYG,TE12,9,106,208,130.45,19.14,23781
Aaron Jones Sr.,129,RB,MIN,RB40,9,108,159,131.21,12.78,16673
Jake Ferguson,130,TE,DAL,TE13,9,100,174,131.39,15.06,22718
Kyle Monangai,131,RB,CHI,RB41,9,105,166,132.28,11.77,27131
Dallas Goedert,132,TE,PHI,TE14,9,104,164,132.76,13.97,17270
Khalil Shakir,133,WR,BUF,WR49,9,90,171,134.15,13.71,23748
De'Zhaun Stribling,134,WR,SF,WR50,9,83,270,135.60,29.49,28138
Matthew Golden,135,WR,GB,WR51,9,100,193,136.20,16.32,26024
Jalen Coker,136,WR,CAR,WR52,9,110,178,136.66,12.20,26403
Romeo Doubs,137,WR,NE,WR53,9,110,179,137.90,12.22,23794
Juwan Johnson,138,TE,NO,TE15,9,106,174,139.36,15.22,19562
Xavier Worthy,139,WR,KC,WR54,9,117,186,140.27,12.19,23019
Mark Andrews,140,TE,BAL,TE16,9,106,206,142.77,17.80,17269
Woody Marks,141,RB,HOU,RB42,10,119,179,145.28,10.44,27520
Fernando Mendoza,142,QB,LV,QB30,10,70,192,128.89,34.17,28013
Jordyn Tyson,143,WR,NO,WR55,10,91,212,146.38,23.20,26035
Tyler Allgeier,144,RB,ARI,RB43,10,116,185,146.51,11.44,24172
Deebo Samuel Sr.,145,WR,SF,WR56,10,102,219,148.52,23.04,18244
Tyjae Spears,146,RB,TEN,RB44,10,108,187,149.31,13.18,25323
Chris Rodriguez Jr.,147,RB,JAC,RB45,10,119,208,149.94,13.22,22986
Rashid Shaheed,148,WR,SEA,WR57,10,123,194,154.48,13.61,24687
Dylan Sampson,149,RB,CLE,RB46,10,108,211,156.37,14.67,27102
Jonah Coleman,150,RB,DEN,RB47,10,125,200,156.54,14.83,27320
Mike Washington Jr.,151,RB,LV,RB48,10,120,225,159.14,19.47,28108
Keaton Mitchell,152,RB,LAC,RB49,10,119,280,159.36,20.30,25360
Denzel Boston,153,WR,CLE,WR58,10,122,266,159.77,22.44,27339
Josh Jacobs,154,RB,GB,RB50,10,54,360,152.38,54.43,18269
Zach Charbonnet,155,RB,SEA,RB51,10,130,266,161.42,20.81,23152
Brenton Strange,156,TE,JAC,TE17,10,125,215,164.46,18.34,25345
Tre Tucker,157,WR,LV,WR59,10,128,228,164.37,20.26,25337
Dalton Schultz,158,TE,HOU,TE18,10,125,195,166.23,17.61,17349
Chig Okonkwo,159,TE,WAS,TE19,10,126,206,166.68,17.00,23982
Hunter Henry,160,TE,NE,TE20,10,127,215,168.68,17.21,15561
Michael Penix Jr.,161,QB,ATL,QB31,10,83,240,146.81,30.47,22973
Alvin Kamara,162,RB,NO,RB52,10,119,283,170.04,25.07,16421
Adonai Mitchell,163,WR,NYJ,WR60,10,137,235,171.03,17.91,24357
Tua Tagovailoa,164,QB,ATL,QB32,10,70,261,145.70,31.51,19198
Tyrone Tracy Jr.,165,RB,NYG,RB53,10,130,276,171.22,29.98,22980
Tank Bigsby,166,RB,PHI,RB54,10,145,234,173.06,19.07,22908
Kayshon Boutte,167,WR,HOU,WR61,10,133,246,172.25,18.99,22989
Jerry Jeudy,168,WR,CLE,WR62,10,128,244,170.70,20.12,19201
Jalen McMillan,169,WR,TB,WR63,10,147,263,175.89,17.99,23179
Braelon Allen,170,RB,NYJ,RB55,10,138,268,177.63,21.78,24346
Jauan Jennings,171,WR,MIN,WR64,10,128,274,174.25,23.81,19590
Omar Cooper Jr.,172,WR,NYJ,WR65,10,135,269,179.54,24.93,28127
Tre' Harris,173,WR,LAC,WR66,10,128,270,179.79,21.61,26215
Emmett Johnson,174,RB,KC,RB56,10,143,290,181.88,25.47,28107
Brian Robinson Jr.,175,RB,ATL,RB57,10,150,252,182.10,17.89,20094
Dontayvion Wicks,176,WR,PHI,WR67,10,139,248,181.94,22.92,24354
Pat Bryant,177,WR,DEN,WR68,10,126,265,182.47,18.32,27211
Kirk Cousins,178,QB,LV,QB33,11,86,269,152.27,34.12,11177
Ryan Flournoy,179,WR,DAL,WR69,11,137,296,183.01,21.51,26398
T.J. Hockenson,180,TE,MIN,TE21,11,106,265,184.28,19.70,18290
Ray Davis,181,RB,BUF,RB58,11,139,235,186.32,21.65,26191
Malik Washington,182,WR,MIA,WR70,11,102,263,185.07,25.61,26314
Isiah Pacheco,183,RB,DET,RB59,11,150,275,184.71,30.00,24333
Keenan Allen,184,WR,IND,WR71,11,124,261,186.98,38.94,11616
Jalen Nailor,185,WR,LV,WR72,11,140,269,188.81,22.38,24177
Travis Hunter,186,WR,JAC,WR73,11,139,307,189.59,28.51,26034
Deshaun Watson,187,QB,CLE,QB34,11,94,270,157.99,31.58,16398
Kimani Vidal,188,RB,LAC,RB60,11,159,271,192.54,23.48,26355
Jaylin Noel,189,WR,HOU,WR74,11,151,247,190.73,15.24,27122
AJ Barner,190,TE,SEA,TE22,11,151,238,198.99,15.17,26335
Terrance Ferguson,191,TE,LAR,TE23,11,126,257,196.86,30.62,23091
Calvin Ridley,192,WR,TEN,WR75,11,144,269,197.42,20.88,17258
Sean Tucker,193,RB,TB,RB61,11,159,271,199.48,25.49,23679
Kenyon Sadiq,194,TE,NYJ,TE24,11,148,262,206.85,19.80,26055
Gunnar Helm,195,TE,TEN,TE25,11,151,268,205.77,20.11,27109
Oronde Gadsden II,196,TE,LAC,TE26,11,115,272,205.43,28.05,25997
Nicholas Singleton,197,RB,TEN,RB62,11,156,285,205.12,28.05,24343
Shedeur Sanders,198,QB,CLE,QB35,11,94,274,170.55,24.03,25968
Ja'Kobi Lane,199,WR,BAL,WR76,11,143,295,200.81,37.05,27337
Rashod Bateman,200,WR,BAL,WR77,11,158,282,209.28,19.82,19794
Isaac TeSlaa,201,WR,DET,WR78,11,171,249,203.54,16.25,27446
James Conner,202,RB,ARI,RB63,11,148,293,203.75,31.22,16447
Cooper Kupp,203,WR,SEA,WR79,11,157,264,208.73,19.27,16433
Pat Freiermuth,204,TE,PIT,TE27,11,148,299,214.58,23.07,20163
Chris Bell,205,WR,MIA,WR80,11,158,272,212.39,27.31,26038
Malachi Fields,206,WR,NYG,WR81,11,144,306,208.29,27.72,27994
Darnell Mooney,207,WR,NYG,WR82,11,169,266,208.62,18.33,19810
Zachariah Branch,208,WR,ATL,WR83,11,146,278,214.90,25.66,25419
Kaelon Black,209,RB,SF,RB64,11,154,300,214.50,38.06,28401
Germie Bernard,210,WR,PIT,WR84,11,171,292,216.56,24.50,26039
Troy Franklin,211,WR,DEN,WR85,11,166,308,203.43,24.32,23092
Kaytron Allen,212,RB,WAS,RB65,11,159,288,216.36,22.93,24362
Cade Otton,213,TE,TB,TE28,11,183,269,217.92,16.88,23181
Tank Dell,214,WR,HOU,WR86,11,170,308,209.68,25.51,25361
Jaylen Wright,215,RB,MIA,RB66,11,179,287,218.42,18.92,25987
Emanuel Wilson,216,RB,SEA,RB67,11,154,292,215.91,28.77,25885
Malik Davis,217,RB,DAL,RB68,11,156,280,220.23,37.70,24205
Caleb Douglas,218,WR,MIA,WR87,11,139,289,197.67,37.35,28135
Justice Hill,219,RB,BAL,RB69,12,143,279,216.43,30.81,18256
Antonio Williams,220,WR,WAS,WR88,12,147,331,218.09,31.64,25418
Najee Harris,221,RB,NYG,RB70,12,145,299,220.85,36.55,19302
George Holani,222,RB,SEA,RB71,12,158,280,221.99,26.53,22915
Evan Engram,223,TE,DEN,TE29,12,184,306,230.39,20.28,16411
Ted Hurst III,224,WR,TB,WR89,12,158,304,221.90,29.09,28130
Greg Dulcich,225,TE,MIA,TE30,12,142,273,200.72,28.03,23153
David Njoku,226,TE,LAC,TE31,12,161,314,227.70,23.12,16399
Jack Bech,227,WR,LV,WR90,12,181,269,220.32,18.61,27224
Keon Coleman,228,WR,BUF,WR91,12,171,277,225.09,21.34,26019
Devaughn Vele,229,WR,NO,WR92,12,167,271,225.67,27.53,26409
Kaleb Johnson,230,RB,GB,RB72,12,154,339,225.29,35.32,27165
Chris Brooks,231,RB,GB,RB73,12,154,284,229.02,32.48,25823
Chimere Dike,232,WR,TEN,WR93,12,172,311,226.54,26.35,27315
Isaiah Davis,233,RB,NYJ,RB74,12,168,288,234.39,20.16,25977
Elic Ayomanor,234,WR,TEN,WR94,12,179,302,229.37,24.74,27059
Samaje Perine,235,RB,CIN,RB75,12,165,338,237.32,33.59,16423
Ollie Gordon II,236,RB,MIA,RB76,12,179,295,231.57,21.08,25984
Demond Claiborne,237,RB,MIN,RB77,12,165,280,230.33,22.24,28084
LeQuint Allen Jr.,238,RB,JAC,RB78,12,154,298,237.15,23.89,27285
Colby Parkinson,239,TE,LAR,TE32,12,202,275,238.62,14.79,19372
Ty Johnson,240,RB,BUF,RB79,12,165,322,237.13,22.44,18406
Tyquan Thornton,241,WR,KC,WR95,12,170,312,239.83,23.99,22913
Jordan James,242,RB,SF,RB80,12,172,334,238.76,29.76,27310
Cyrus Allen,243,WR,KC,WR96,12,144,362,206.87,43.27,28424
Tory Horton,244,WR,SEA,WR97,12,191,315,237.17,21.00,26022
Elijah Sarratt,245,WR,BAL,WR98,12,191,327,240.16,23.35,27463
Mason Taylor,246,TE,NYJ,TE33,12,191,303,246.07,19.71,26005
Xavier Legette,247,WR,CAR,WR99,12,190,303,241.83,22.55,26136
Seth McGowan,248,RB,IND,RB81,12,172,300,243.24,31.40,23079
Darius Slayton,249,WR,NYG,WR100,12,201,316,244.87,17.95,18706
Christian Kirk,250,WR,SF,WR101,12,195,338,244.82,28.05,17268
Kendre Miller,251,RB,NO,RB82,12,187,301,249.39,24.88,24360
Marvin Mims Jr.,252,WR,DEN,WR102,12,201,303,244.07,20.01,23080
DJ Giddens,253,RB,IND,RB83,12,200,300,248.36,19.47,27097
Theo Johnson,254,TE,NYG,TE34,12,194,315,254.59,20.96,23104
Kyle Williams,255,WR,NE,WR103,12,196,291,244.15,23.29,27487
Eli Stowers,256,TE,PHI,TE35,12,197,322,256.47,27.73,23144
Brashard Smith,257,RB,KC,RB84,12,212,337,253.99,22.96,27259
Jaydon Blue,258,RB,PHI,RB85,12,179,342,242.83,36.58,24344
Mack Hollins,259,WR,NE,WR104,12,195,314,251.99,20.71,16489
Devin Neal,260,RB,NO,RB86,12,192,341,245.42,31.73,23682
Emari Demercado,261,RB,DAL,RB87,12,172,312,262.65,26.48,25654
Hollywood Brown,262,WR,PHI,WR105,12,219,320,259.54,15.54,18226
Skyler Bell,263,WR,BUF,WR106,12,202,347,258.88,25.86,28126
Devin Singletary,264,RB,NYG,RB88,12,213,299,264.40,18.43,18280
Adam Randall,265,RB,BAL,RB89,12,214,300,261.61,19.60,24367
Mike Gesicki,266,TE,CIN,TE36,13,218,312,247.38,18.28,17272
Isaiah Bond,267,WR,CLE,WR107,13,221,310,262.65,18.06,24371
Trevor Etienne,268,RB,CAR,RB90,13,224,304,267.72,18.17,25393
Brandon Aiyuk,269,WR,SF,WR108,13,151,352,246.99,41.95,19252
Jake Tonges,270,TE,SF,TE37,13,164,319,261.47,27.34,24778
Trey Benson,271,RB,ARI,RB91,13,186,328,260.31,27.87,25388
Darren Waller,272,TE,CAR,TE38,13,203,316,243.45,26.29,14104
Andrei Iosivas,273,WR,CIN,WR109,13,171,308,252.13,27.51,25335
Jerome Ford,274,RB,WAS,RB92,13,211,323,264.99,21.90,22921
DeMario Douglas,275,WR,NE,WR110,13,170,348,248.18,43.11,25304
Darnell Washington,276,TE,PIT,TE39,13,209,331,265.23,25.88,22967
Isaac Guerendo,277,RB,SF,RB93,13,213,318,269.65,22.33,26392
Tyreek Hill,278,WR,FA,WR111,13,160,335,254.55,40.00,15802
Tahj Brooks,279,RB,CIN,RB94,13,232,314,272.02,16.49,26212
Audric Estime,280,RB,NO,RB95,13,226,317,276.03,17.78,23054
Michael Mayer,281,TE,LV,TE40,13,196,315,266.17,25.66,23056
Jahan Dotson,282,WR,ATL,WR112,13,173,309,253.47,34.11,23101
Oscar Delp,283,TE,NO,TE41,13,227,329,278.51,27.50,25430
Will Shipley,284,RB,PHI,RB96,13,224,321,274.20,14.01,22930
Jaleel McLaughlin,285,RB,CLE,RB97,13,220,323,268.86,18.88,25876
Charlie Kolar,286,TE,LAC,TE42,13,197,330,252.98,32.33,22756
Jarquez Hunter,287,RB,FA,RB98,13,247,327,278.75,18.33,24335
Xavier Hutchinson,288,WR,HOU,WR113,13,178,343,255.02,39.84,25332
Bryce Lance,289,WR,NO,WR114,13,175,325,257.15,35.43,28129
Jalen Tolbert,290,WR,MIA,WR115,13,181,327,260.21,35.42,23770
Elijah Arroyo,291,TE,SEA,TE43,13,233,325,280.04,21.01,23004
Carson Beck,292,QB,ARI,QB36,13,140,287,187.36,26.20,22953
Eli Raridon,293,TE,NE,TE44,13,195,341,280.32,28.71,28154
Dawson Knox,294,TE,BUF,TE45,13,237,344,291.98,23.99,18631
Konata Mumpfield,295,WR,LAR,WR116,13,224,341,275.93,26.99,27449
Olamide Zaccheaus,296,WR,ATL,WR117,13,238,325,280.83,21.10,18864
Kareem Hunt,297,RB,FA,RB99,13,249,347,284.98,18.07,16425
Cole Kmet,298,TE,CHI,TE46,13,228,330,289.93,19.49,19229
Tyler Higbee,299,TE,LAR,TE47,13,250,332,288.44,18.34,15623
Tez Johnson,300,WR,TB,WR118,13,204,335,281.17,29.57,27147
Jalen Royals,301,WR,KC,WR119,13,245,341,285.49,23.71,27076
Erick All Jr.,302,TE,CIN,TE48,13,206,339,284.73,29.62,23837
Kendrick Bourne,303,WR,ARI,WR120,13,203,369,271.26,37.03,17066
Joe Mixon,304,RB,FA,RB100,13,235,338,284.26,23.08,16420
Max Klare,305,TE,LAR,TE49,13,246,338,294.98,25.16,27993
Luke McCaffrey,306,WR,WAS,WR121,13,241,332,285.44,25.42,26328
Chris Brazzell II,307,WR,CAR,WR122,14,221,327,265.97,30.65,28047
Bam Knight,308,RB,ARI,RB101,14,216,340,279.38,27.34,24901
Noah Gray,309,TE,KC,TE50,14,241,330,291.31,21.00,19539
Brenen Thompson,310,WR,LAC,WR123,14,205,332,283.06,27.66,28133
Joshua Palmer,311,WR,BUF,WR124,14,225,326,278.79,29.52,22845
Cedric Tillman,312,WR,NO,WR125,14,242,336,280.03,26.09,25287
Treylon Burks,313,WR,WAS,WR126,14,202,342,282.16,40.77,22905
Ja'Tavion Sanders,314,TE,CAR,TE51,14,223,329,297.08,26.22,24334
Roman Wilson,315,WR,PIT,WR127,14,205,343,266.92,38.40,28896
J.J. McCarthy,316,QB,MIN,QB37,14,177,302,203.73,37.53,23018
Malik Benson,317,WR,LV,WR128,14,215,359,285.60,35.23,26012
Eli Heidenreich,318,RB,PIT,RB102,14,226,323,280.25,23.34,28297
Jacob Saylors,319,RB,DET,RB103,14,163,324,255.37,42.57,25693
Kalif Raymond,320,WR,CHI,WR129,14,207,336,281.60,33.80,16081
Zavion Thomas,321,WR,CHI,WR130,14,239,365,296.04,29.74,28132
Kevin Coleman Jr.,322,WR,MIA,WR131,14,219,346,291.76,33.56,28067
Michael Carter,323,RB,TEN,RB104,14,265,340,292.00,19.03,22728
Justin Fields,324,QB,KC,QB38,14,180,304,229.00,37.62,19781
Savion Williams,325,WR,GB,WR132,14,272,367,309.56,21.40,27144
Noah Fant,326,TE,NO,TE52,14,248,339,311.75,20.85,17527
John Metchie III,327,WR,CAR,WR133,14,254,344,294.10,29.48,22895
Dont'e Thornton Jr.,328,WR,LV,WR134,14,253,352,297.43,29.09,27288
Roschon Johnson,329,RB,CHI,RB105,14,268,342,290.95,18.85,25322
Mac Jones,330,QB,SF,QB39,14,188,315,228.40,39.26,20156
Demarcus Robinson,331,WR,SF,WR135,14,220,353,292.95,38.27,15665
Justin Joly,332,TE,FA,TE53,14,231,345,305.78,23.35,28079
KaVontae Turpin,333,WR,DAL,WR136,14,221,357,291.44,35.71,18520
Tutu Atwell,334,WR,LAR,WR137,14,233,349,305.29,34.31,20126
J'Mari Taylor,335,RB,JAC,RB106,14,268,327,296.72,20.90,28109
Kyle Juszczyk,336,RB,SF,RB107,14,232,318,271.62,25.55,11798
Odell Beckham Jr.,337,WR,NYG,WR138,14,207,341,294.76,39.58,12127
Tommy Tremble,338,TE,CAR,TE54,14,246,344,310.50,24.66,22795
Jaylin Lane,339,WR,WAS,WR139,14,265,345,310.59,23.28,27454
Colbie Young,340,WR,CIN,WR140,14,246,352,302.95,29.58,26037
Raheim Sanders,341,RB,CLE,RB108,14,267,343,301.39,23.47,24351
Rasheen Ali,342,RB,BAL,RB109,14,251,335,294.50,20.27,25983
Anthony Richardson Sr.,343,QB,IND,QB40,14,182,254,226.38,28.31,24347
Ty Simpson,344,QB,LAR,QB41,14,182,256,213.43,23.95,25368
Jawhar Jordan,345,RB,HOU,RB110,14,271,344,313.63,23.11,26329
CJ Daniels,346,WR,LAR,WR141,14,270,348,311.22,22.80,28125
Sione Vaki,347,RB,DET,RB111,14,273,344,303.20,22.82,26309
Barion Brown,348,WR,NO,WR142,14,229,351,276.80,44.15,25416
Ben Sinnott,349,TE,WAS,TE55,14,291,340,316.00,11.95,26310
Jameis Winston,350,QB,NYG,QB42,14,221,306,260.00,26.28,13891
Cade Klubnik,351,QB,NYJ,QB43,14,200,324,252.57,42.97,24361
Joe Flacco,352,QB,CIN,QB44,14,220,289,253.29,27.78,9300
Luke Musgrave,353,TE,GB,TE56,14,288,343,319.06,15.54,25282
Mitchell Evans,354,TE,CAR,TE57,14,263,349,322.06,20.42,27138
Marcus Mariota,355,QB,WAS,QB45,14,183,316,256.29,41.26,13890
Ashton Dulin,356,WR,IND,WR143,14,278,342,302.00,23.13,18656
Devontez Walker,357,WR,BAL,WR144,14,253,374,295.60,36.08,26011
Daniel Bellinger,358,TE,TEN,TE58,14,297,361,325.56,14.95,24238
Nick Westbrook-Ikhine,359,WR,FA,WR145,14,280,349,313.25,24.31,19747
Elijah Higgins,360,TE,ARI,TE59,15,298,358,322.57,17.74,23119
Jordan Whittington,361,WR,LAR,WR146,15,280,366,317.17,29.84,23135
Austin Ekeler,362,RB,FA,RB112,15,272,349,309.60,20.93,16483
Jonnu Smith,363,TE,GB,TE60,15,258,354,309.78,33.47,16460
John Bates,364,TE,WAS,TE61,15,267,356,298.00,26.75,22833
Austin Hooper,365,TE,ATL,TE62,15,272,350,318.00,25.48,15581
Khalil Herbert,366,RB,FA,RB113,15,199,346,275.60,55.44,22763
Isaiah Williams,367,WR,NYJ,WR147,15,256,314,277.20,20.09,26379
Jam Miller,368,RB,FA,RB114,15,293,338,316.00,13.52,27326
Jeremy McNichols,369,RB,WAS,RB115,15,278,331,306.14,17.54,16445
Matt Hibner,370,TE,BAL,TE63,15,273,347,313.63,19.89,28168
Tai Felton,371,WR,MIN,WR148,15,264,378,316.13,34.71,27182
Ronnie Rivers,372,RB,LAR,RB116,15,218,333,284.80,43.55,23986
Dylan Laube,373,RB,LV,RB117,15,278,349,310.29,26.82,26194
Riley Leonard,374,QB,IND,QB46,15,200,303,241.33,44.44,25373
Corey Kiner,375,RB,NE,RB118,15,272,344,304.17,26.71,22997
Marlin Klein,376,TE,HOU,TE64,15,286,356,324.22,25.35,28157
Dohnte Meyers,377,WR,CIN,WR149,15,218,332,276.00,43.74,28178
Antonio Williams,378,RB,FA,RB119,15,229,280,248.33,22.57,19843
Dyami Brown,379,WR,WAS,WR150,15,300,377,332.70,26.39,20113
Phil Mafah,380,RB,FA,RB120,15,299,348,323.63,16.55,22928
Terrell Jennings,381,RB,FA,RB121,15,290,344,311.83,20.63,26964
Greg Dortch,382,WR,BUF,WR151,15,287,347,319.71,21.58,18585
Deion Burks,383,WR,IND,WR152,15,282,376,327.25,33.26,27093
Dameon Pierce,384,RB,PHI,RB122,15,291,349,330.44,18.76,22947
Marquez Valdes-Scantling,385,WR,FA,WR153,15,190,355,304.20,58.77,17528
Jahdae Walker,386,WR,CHI,WR154,15,265,322,294.00,27.05,27810
Tommy Myers,387,TE,FA,TE65,15,271,351,310.40,29.68,25167
Hunter Luepke,388,RB,DAL,RB123,15,273,348,321.17,25.35,25941
Kaleb Jackson,389,RB,FA,RB124,15,136,136,136.00,0.00,25405
Tyler Goodson,390,RB,ATL,RB125,15,300,327,318.40,9.85,22976
Tanner Koziol,391,TE,JAC,TE66,15,311,337,327.17,8.47,27499
Adam Trautman,392,TE,DEN,TE67,15,302,343,320.00,14.49,19423
Elijah Moore,393,WR,PHI,WR155,15,266,321,292.00,22.55,20114
Reggie Gilliam,394,RB,NE,RB126,15,268,347,321.00,28.43,19844
Damien Martinez,395,RB,FA,RB127,15,322,347,329.67,9.23,25976
Josh Williams,396,RB,TB,RB128,15,283,318,298.00,14.72,27444
Zach Ertz,397,TE,FA,TE68,15,282,350,315.25,24.97,11689
Zavier Scott,398,RB,CHI,RB129,15,299,303,300.33,1.89,25748
Isaiah Williams,399,WR,FA,WR156,15,266,352,300.67,37.03,10977
Jake Browning,400,QB,FA,QB47,15,176,176,176.00,0.00,18557
Jackson Hawes,401,TE,BUF,TE69,15,312,336,326.40,8.31,27469
AJ Dillon,402,RB,CAR,RB130,15,285,335,305.67,21.31,19358
Theo Wease Jr.,403,WR,LAC,WR157,15,259,345,307.67,36.01,27222
Jordan Watkins,404,WR,SF,WR158,15,290,331,308.33,17.02,27486
Xavier Restrepo,405,WR,TEN,WR159,15,294,323,308.67,11.84,27066
Josh Oliver,406,TE,MIN,TE70,15,308,347,322.50,15.85,18487
Antonio Gibson,407,RB,FA,RB131,15,299,358,331.40,24.74,19624
Xavier Smith,408,WR,LAR,WR160,15,233,333,283.00,50.00,25627
Brandin Cooks,409,WR,FA,WR161,15,248,320,284.00,36.00,12122
Alexander Mattison,410,RB,FA,RB132,15,212,212,212.00,0.00,18621
Ameer Abdullah,411,RB,JAC,RB133,15,290,355,315.00,28.58,13924
Josh Cameron,412,WR,JAC,WR162,15,296,342,315.67,19.36,28137
Gardner Minshew II,413,QB,ARI,QB48,15,280,307,293.50,13.50,18562
Sam Roush,414,TE,CHI,TE71,15,295,339,317.00,17.96,28161
Jacob Cowing,415,WR,SF,WR163,15,293,372,331.00,29.33,25289
Reggie Virgil,416,WR,ARI,WR164,15,302,346,318.00,19.87,28141
Drew Allar,417,QB,PIT,QB49,15,229,229,229.00,0.00,24345
Joe Milton III,418,QB,DAL,QB50,15,286,315,300.50,14.50,25967
Luke Schoonmaker,419,TE,DAL,TE72,15,326,350,332.25,10.26,25267
Tyrod Taylor,420,QB,GB,QB51,15,288,314,301.00,13.00,10007
Tim Patrick,421,WR,NYJ,WR165,15,281,327,304.00,23.00,16556
Jakobie Keeney-James,422,WR,FA,WR166,15,248,248,248.00,0.00,27705
Max Bredeson,423,RB,MIN,RB134,15,280,334,307.00,27.00,28434
Carson Wentz,424,QB,MIN,QB52,15,254,254,254.00,0.00,15520
Jeshaun Jones,425,WR,MIN,WR167,15,262,262,262.00,0.00,26423
Miles Sanders,426,RB,FA,RB135,16,263,368,315.50,52.50,18283
Jimmy Horn Jr.,427,WR,CAR,WR168,16,326,337,330.33,4.78,27294
Kalel Mullings,428,RB,TEN,RB136,16,286,342,314.00,28.00,27045
Jared Wayne,429,WR,HOU,WR169,16,266,266,266.00,0.00,25495
Michael Woods II,430,WR,DEN,WR170,16,304,326,315.00,11.00,23893
Ben Sims,431,TE,MIA,TE73,16,267,267,267.00,0.00,25349
Jaydn Ott,432,RB,KC,RB137,16,298,333,315.50,17.50,25394
Coleman Owen,433,WR,IND,WR171,16,268,268,268.00,0.00,27621
Tyler Lockett,434,WR,LV,WR172,16,321,339,332.33,8.06,13971
Nate Boerkircher,435,TE,JAC,TE74,16,314,320,317.00,3.00,28427
Will Kacmarek,436,TE,MIA,TE75,16,295,340,317.50,22.50,28403
Tahj Washington,437,WR,FA,WR173,16,272,272,272.00,0.00,26397
Cade Stover,438,TE,HOU,TE76,16,305,331,318.00,13.00,25269
Jalen Reagor,439,WR,FA,WR174,16,327,342,333.67,6.24,19219
Raheem Mostert,440,RB,LV,RB138,16,277,277,277.00,0.00,14338
Dalevon Campbell,441,WR,LAC,WR175,16,278,278,278.00,0.00,27912
Quinn Ewers,442,QB,JAC,QB53,16,279,279,279.00,0.00,23680
Kaden Wetjen,443,WR,PIT,WR176,16,280,280,280.00,0.00,28435
Tyler Conklin,444,TE,DET,TE77,16,320,325,322.50,2.50,17598
Ulysses Bentley IV,445,RB,FA,RB139,16,283,283,283.00,0.00,23112
Kenny McIntosh,446,RB,FA,RB140,16,284,284,284.00,0.00,25329
Tyler Badie,447,RB,DEN,RB141,16,325,349,337.33,9.81,23812
Kendric Pryor,448,WR,FA,WR177,16,285,285,285.00,0.00,24839
Braylon James,449,WR,FA,WR178,16,285,285,285.00,0.00,28346
Chris Blair,450,WR,ATL,WR179,16,309,341,325.00,16.00,22684
Bub Means,451,WR,FA,WR180,16,290,290,290.00,0.00,26354
Laquon Treadwell,452,WR,IND,WR181,16,291,291,291.00,0.00,15495
Lew Nichols III,453,RB,PIT,RB142,16,295,295,295.00,0.00,25443
Miles Davis,454,RB,FA,RB143,16,296,296,296.00,0.00,28906
Donovan Edwards,455,RB,FA,RB144,16,297,297,297.00,0.00,23014
Quentin Skinner,456,WR,FA,WR182,16,297,297,297.00,0.00,27686
DeAndre Hopkins,457,WR,BAL,WR183,16,316,373,345.00,23.28,11606
Casey Washington,458,WR,CAR,WR184,16,300,300,300.00,0.00,26413
Tyler Scott,459,WR,FA,WR185,16,301,301,301.00,0.00,25442
Mitch Tinsley,460,WR,HOU,WR186,16,302,302,302.00,0.00,24370
Darius Cooper,461,WR,PHI,WR187,16,302,302,302.00,0.00,27866
Ahmani Marshall,462,RB,FA,RB145,16,303,303,303.00,0.00,27596
Julius Chestnut,463,RB,TEN,RB146,16,309,359,334.00,25.00,24689
Tanner Hudson,464,TE,CIN,TE78,16,330,339,334.50,4.50,17826
Terrace Marshall Jr.,465,WR,FA,WR188,16,307,307,307.00,0.00,23242
Justin Watson,466,WR,FA,WR189,16,309,309,309.00,0.00,17603
Diontae Johnson,467,WR,FA,WR190,16,309,309,309.00,0.00,18615
Jonathan Mingo,468,WR,DAL,WR191,16,311,311,311.00,0.00,23030
Kendrick Law,469,WR,DET,WR192,16,311,311,311.00,0.00,26044
Drew Sample,470,TE,CIN,TE79,16,313,313,313.00,0.00,18561
Kene Nwangwu,471,RB,NYJ,RB147,16,328,351,339.50,11.50,23249
Dominic Lovett,472,WR,DET,WR193,16,316,316,316.00,0.00,26013
Lan Larison,473,RB,NE,RB148,16,316,316,316.00,0.00,27498
Brittain Brown,474,RB,CHI,RB149,16,317,317,317.00,0.00,24572
Noah Whittington,475,RB,HOU,RB150,16,317,317,317.00,0.00,28115
Durham Smythe,476,TE,BAL,TE80,16,318,318,318.00,0.00,17508
Zamir White,477,RB,NO,RB151,16,318,318,318.00,0.00,20095
Julian Fleming,478,WR,FA,WR194,16,321,321,321.00,0.00,23063
Jabari Small,479,RB,FA,RB152,16,321,321,321.00,0.00,24369
Myles Price,480,WR,MIN,WR195,16,321,321,321.00,0.00,27805
Montorie Foster Jr.,481,WR,SEA,WR196,16,322,322,322.00,0.00,27910
Nate Adkins,482,TE,DEN,TE81,16,323,323,323.00,0.00,25881
JuJu Smith-Schuster,483,WR,FA,WR197,16,324,324,324.00,0.00,16427
Maurice Alexander,484,WR,FA,WR198,16,324,324,324.00,0.00,25205
Jalen Brooks,485,WR,ARI,WR199,16,324,324,324.00,0.00,25468
Mo Alie-Cox,486,TE,IND,TE82,16,325,325,325.00,0.00,16579
Moliki Matavao,487,TE,NO,TE83,16,325,325,325.00,0.00,23093
Brock Wright,488,TE,DET,TE84,16,325,325,325.00,0.00,23341
Tom Kennedy,489,WR,DET,WR200,16,326,326,326.00,0.00,19052
Davis Mills,490,QB,HOU,QB54,16,326,326,326.00,0.00,22799
Michael Burton,491,RB,CLE,RB153,16,328,328,328.00,0.00,14191
Jelani Woods,492,TE,NYJ,TE85,16,328,328,328.00,0.00,23829
Josh Cuevas,493,TE,BAL,TE86,16,328,328,328.00,0.00,28155
Van Jefferson,494,WR,FA,WR201,16,329,329,329.00,0.00,19483
Kevin Austin Jr.,495,WR,NO,WR202,16,329,329,329.00,0.00,23049
Brycen Tremayne,496,WR,CAR,WR203,16,329,329,329.00,0.00,25631
Miles Kitselman,497,TE,FA,TE87,16,330,330,330.00,0.00,28156
Robert Henry Jr.,498,RB,WAS,RB154,16,332,332,332.00,0.00,28404
Myles Montgomery,499,RB,FA,RB155,16,333,333,333.00,0.00,28450
Michael Briscoe,500,WR,MIN,WR204,16,334,334,334.00,0.00,28743
Mecole Hardman Jr.,501,WR,FA,WR205,16,335,335,335.00,0.00,18587
Lil'Jordan Humphrey,502,WR,DEN,WR206,16,336,336,336.00,0.00,18590
Jermar Jefferson,503,RB,MIN,RB156,16,336,336,336.00,0.00,20088
Patrick Ricard,504,RB,NYG,RB157,16,338,338,338.00,0.00,17145
Scotty Miller,505,WR,CHI,WR207,16,338,338,338.00,0.00,18714
Foster Moreau,506,TE,HOU,TE88,16,339,339,339.00,0.00,18397
Travis Homer,507,RB,PIT,RB158,16,340,340,340.00,0.00,18616
Craig Reynolds,508,RB,WAS,RB159,16,343,343,343.00,0.00,19074
Michael Trigg,509,TE,DAL,TE89,16,345,363,354.00,9.00,23167
Khalil Dinkins,510,TE,SF,TE90,16,345,345,345.00,0.00,28436
Ian Thomas,511,TE,LV,TE91,16,346,346,346.00,0.00,17387
Will Dissly,512,TE,FA,TE92,16,352,352,352.00,0.00,18049
Alec Ingold,513,RB,LAC,RB160,16,354,354,354.00,0.00,18571
Gus Edwards,514,RB,FA,RB161,16,360,360,360.00,0.00,17687
Cam Akers,515,RB,FA,RB162,16,361,361,361.00,0.00,19268
Taysom Hill,516,TE,FA,TE93,16,364,364,364.00,0.00,17115
Thomas Fidone II,517,TE,NYG,TE94,16,370,370,370.00,0.00,23039
Curtis Samuel,518,WR,FA,WR208,16,371,371,371.00,0.00,16434
Gabe Davis,519,WR,FA,WR209,16,375,375,375.00,0.00,19398
Jermaine Burton,520,WR,FA,WR210,16,379,379,379.00,0.00,22956
Juice Wells Jr.,521,WR,FA,WR211,16,380,380,380.00,0.00,27218
Elijah Mitchell,522,RB,FA,RB163,16,381,381,381.00,0.00,22813
Trey Sermon,523,RB,ATL,RB164,16,382,382,382.00,0.00,19425
Ja'Quinden Jackson,524,RB,FA,RB165,16,383,383,383.00,0.00,23170
