name,Rank,source_overall_rank,asset_type,position,team,value,position_rank,tier,trend_30_day,source_asset_id,sleeper_id,mfl_id,espn_id,age,years_experience,adp,trade_frequency,roster_percent,redraft_value,combined_value,redraft_dynasty_value_difference,redraft_dynasty_value_percent_difference,starter
Jahmyr Gibbs,1,1,player,RB,DET,10387,1,1,429,9821,9221,16162,4429795,24.5,3,,0.0073,0.9999,9959,20346,-428,4,False
Josh Allen,2,2,player,QB,BUF,9915,1,2,81,6170,4984,13589,3918298,30.3,8,,0.0069,0.9997,10267,20182,352,3,False
Bijan Robinson,3,3,player,RB,ATL,9760,2,2,-440,9833,9509,16161,4430807,24.6,3,,0.0074,0.9999,9782,19542,22,0,False
Ja'Marr Chase,4,4,player,WR,CIN,9457,1,3,-164,5856,7564,15281,4362628,26.5,5,,0.0071,0.9996,9805,19262,348,3,False
Jaxon Smith-Njigba,5,5,player,WR,SEA,8830,2,4,159,9924,9488,16185,4430878,24.6,3,,0.0069,0.9999,9052,17882,222,2,False
Puka Nacua,6,6,player,WR,LAR,7953,3,5,-295,9822,9493,16211,4426515,25.3,3,,0.0082,0.9999,8746,16699,793,9,False
Drake Maye,7,7,player,QB,NE,7736,2,5,-476,11696,11564,16580,4431452,24,2,,0.0049,1,7705,15441,-31,0,False
Brock Bowers,8,8,player,TE,LV,7664,1,5,78,11702,11604,16641,4432665,23.7,2,,0.007,0.9995,5986,13650,-1678,21,False
Amon-Ra St. Brown,9,9,player,WR,DET,7441,4,5,230,1527,7547,15287,4374302,26.9,5,,0.0101,0.9996,7997,15438,556,7,False
Lamar Jackson,10,10,player,QB,BAL,7128,3,6,422,3101,4881,13593,3916387,29.7,8,,0.0083,0.9994,9275,16403,2147,30,False
Caleb Williams,11,11,player,QB,CHI,6820,4,6,66,11708,11560,16579,4431611,24.8,2,,0.005,0.9999,6430,13250,-390,5,False
Justin Jefferson,12,12,player,WR,MIN,6578,5,7,-359,7569,6794,14836,4262921,27.2,6,,0.0138,1,7285,13863,707,10,False
Joe Burrow,13,13,player,QB,CIN,6555,5,7,49,1002,6770,14777,3915511,29.7,6,,0.0074,0.9996,7796,14351,1241,18,False
Jeremiyah Love,14,14,player,RB,ARI,6541,3,7,-234,13485,13287,17472,4870808,21.3,0,,0.0073,1,3509,10050,-3032,46,False
Trey McBride,15,15,player,TE,ARI,6500,2,7,-68,7325,8130,15794,4361307,26.8,4,,0.0087,0.9994,5624,12124,-876,13,False
Malik Nabers,16,16,player,WR,NYG,6465,6,7,54,11737,11632,16615,4595348,23.1,2,,0.011,0.9999,5132,11597,-1333,20,False
Ashton Jeanty,17,17,player,RB,LV,6326,4,7,-471,12612,12527,17042,4890973,22.8,1,,0.0113,0.9998,4871,11197,-1455,23,False
CeeDee Lamb,18,18,player,WR,DAL,6257,7,8,-114,4835,6786,14832,4241389,27.4,6,,0.0127,0.9993,7175,13432,918,14,False
Jayden Daniels,19,19,player,QB,WAS,6148,6,8,-647,11701,11566,16581,4426348,25.7,2,,0.0092,0.9999,5714,11862,-434,7,False
De'Von Achane,20,20,player,RB,MIA,6007,5,8,345,9969,9226,16167,4429160,24.9,3,,0.0115,0.9995,6564,12571,557,9,False
Omarion Hampton,21,21,player,RB,LAC,5940,6,8,-77,12573,12507,17044,4685382,23.5,1,,0.0117,0.9995,5481,11421,-459,7,False
James Cook,22,22,player,RB,BUF,5738,7,9,611,182,8138,15715,4379399,27,4,,0.0097,0.9995,7392,13130,1654,28,False
Jonathan Taylor,23,23,player,RB,IND,5661,8,9,351,3046,6813,14802,4242335,27.6,6,,0.0103,0.9994,7761,13422,2100,37,False
Justin Herbert,24,24,player,QB,LAC,5656,7,9,90,8448,6797,14779,4038941,28.5,6,,0.0067,0.9991,5318,10974,-338,5,False
Colston Loveland,25,25,player,TE,CHI,5294,3,10,104,12578,12517,17104,4723086,22.4,1,,0.0087,0.9987,3903,9197,-1391,26,False
Drake London,26,26,player,WR,ATL,5170,8,11,-366,998,8112,15751,4426502,25.1,4,,0.0123,0.9995,4839,10009,-331,6,False
Jalen Hurts,27,27,player,QB,PHI,5133,8,11,-31,6407,6904,14783,4040715,28.1,6,,0.0078,0.9997,6464,11597,1331,25,False
George Pickens,28,28,player,WR,DAL,4928,9,12,278,1436,8137,15762,4426354,25.5,4,,0.0133,0.9995,5186,10114,258,5,False
Trevor Lawrence,29,29,player,QB,JAX,4920,9,12,54,1086,7523,15237,4360310,26.9,5,,0.0075,0.9994,4382,9302,-538,10,False
Jaxson Dart,30,30,player,QB,NYG,4759,10,13,-188,12609,12508,17032,4689114,23.3,1,,0.0093,0.9994,4460,9219,-299,6,False
Patrick Mahomes,31,31,player,QB,KC,4749,11,13,-548,880,4046,13116,3139477,31,9,,0.0074,0.9995,4188,8937,-561,11,False
2027 1st (Early),32,32,draft_pick,PICK,,4688,1,13,15,15351,FP_2027_early_0,FP_2027_early_0,,,,,,,0,4688,-4688,100,False
Christian McCaffrey,33,32,player,RB,SF,4602,9,14,194,5494,4034,13130,3117251,30.3,9,,0.0133,0.9992,8046,12648,3444,74,False
Bo Nix,34,33,player,QB,DEN,4535,12,14,-96,11728,11563,16582,4426338,26.5,2,,0.0075,0.9995,3961,8496,-574,12,False
Nico Collins,35,34,player,WR,HOU,4534,10,14,237,5030,7569,15290,4258173,27.5,5,,0.0115,0.9995,4916,9450,382,8,False
Kenneth Walker,36,35,player,RB,KC,4452,10,14,37,1749,8151,15711,4567048,25.9,4,,0.0175,0.9997,5033,9485,581,13,False
Saquon Barkley,37,36,player,RB,PHI,4411,11,15,605,7257,4866,13604,3929630,29.6,8,,0.0168,0.9994,5943,10354,1532,34,False
Chase Brown,38,37,player,RB,CIN,4384,12,15,269,9967,9224,16181,4362238,26.5,3,,0.0135,0.9993,5965,10349,1581,36,False
Tetairoa McMillan,39,38,player,WR,CAR,4365,11,15,-264,12635,12526,17071,4685472,23.4,1,,0.0124,0.9996,3010,7375,-1355,31,False
Chris Olave,40,39,player,WR,NO,4351,12,15,373,2548,8144,15754,4361370,26.2,4,,0.0133,0.9994,4495,8846,144,3,False
Tyler Warren,41,40,player,TE,IND,4271,4,15,-330,12592,12518,17102,4431459,24.3,1,,0.0076,0.9996,2917,7188,-1354,31,False
Emeka Egbuka,42,41,player,WR,TB,4248,13,15,-405,12595,12514,17081,4567750,23.9,1,,0.0148,0.9996,2590,6838,-1658,39,False
Ladd McConkey,43,42,player,WR,LAC,4109,14,16,267,11766,11635,16627,4612826,24.8,2,,0.0144,0.9997,3309,7418,-800,19,False
A.J. Brown,44,43,player,WR,NE,4048,15,16,115,4118,5859,14104,4047646,29.2,7,,0.0153,0.9994,5774,9822,1726,42,False
Brock Purdy,45,44,player,QB,SF,4013,13,16,-216,5570,8183,15698,4361741,26.7,4,,0.0069,0.9993,3602,7615,-411,10,False
Dak Prescott,46,45,player,QB,DAL,3999,14,16,204,6637,3294,12620,2577417,33.1,10,,0.0083,0.9994,5437,9436,1438,35,False
Zay Flowers,47,46,player,WR,BAL,3877,16,17,310,9930,9997,16190,4429615,26,3,,0.0126,0.9994,3642,7519,-235,6,False
Garrett Wilson,48,47,player,WR,NYJ,3853,17,17,-197,6813,8146,15753,4569618,26.1,4,,0.015,0.9995,3286,7139,-567,14,False
Carnell Tate,49,48,player,WR,TEN,3833,18,17,-606,13483,13279,17497,4871023,21.6,0,,0.0117,0.9995,1355,5188,-2478,64,False
Luther Burden,50,49,player,WR,CHI,3768,19,17,-169,12590,12519,17070,4685278,22.7,1,,0.0128,0.9982,2039,5807,-1729,45,False
Jordan Love,51,50,player,QB,GB,3761,15,17,33,3651,6804,14782,4036378,27.9,6,,0.0099,0.9982,3531,7292,-230,6,False
DeVonta Smith,52,51,player,WR,PHI,3679,20,17,-5,6635,7525,15282,4241478,27.8,5,,0.0123,0.9995,3592,7271,-87,2,False
Breece Hall,53,52,player,RB,NYJ,3648,13,17,-66,4576,8155,15708,4427366,25.3,4,,0.0139,0.9989,2958,6606,-690,18,False
Fernando Mendoza,54,53,player,QB,LV,3500,16,18,72,13497,13269,17462,4837248,22.9,0,,0.0065,0.9979,602,4102,-2898,82,False
Quinshon Judkins,55,54,player,RB,CLE,3498,14,18,-341,12632,12512,17051,4685702,22.9,1,,0.0164,0.9994,2402,5900,-1096,31,False
Tee Higgins,56,55,player,WR,CIN,3446,21,18,165,5531,6801,14835,4239993,27.6,6,,0.0145,0.9995,3290,6736,-156,4,False
Javonte Williams,57,56,player,RB,DAL,3438,15,18,526,6963,7588,15256,4361579,26.4,5,,0.0166,0.9993,3796,7234,358,10,False
Jaylen Waddle,58,57,player,WR,DEN,3433,22,18,270,1409,7526,15284,4372016,27.8,5,,0.017,0.9993,3440,6873,7,0,False
Rashee Rice,59,58,player,WR,KC,3415,23,18,-359,9929,10229,16194,4428331,26.4,3,,0.0165,0.9995,3715,7130,300,8,False
Jadarian Price,60,59,player,RB,SEA,3408,16,18,274,13467,13286,17473,4685512,22.9,0,,0.0126,0.9965,1878,5286,-1530,44,False
Kyren Williams,61,60,player,RB,LAR,3362,17,18,138,7315,8150,15710,4430737,26,4,,0.0139,0.9993,3709,7071,347,10,False
Tucker Kraft,62,61,player,TE,GB,3361,5,18,-166,9824,9484,16222,4572680,25.8,3,,0.0116,0.9989,1836,5197,-1525,45,False
Jordyn Tyson,63,62,player,WR,NO,3261,24,19,-280,13498,13281,17498,4880281,22.1,0,,0.011,0.9995,469,3730,-2792,85,False
Rome Odunze,64,63,player,WR,CHI,3238,25,19,98,11763,11620,16616,4431299,24.3,2,,0.0154,0.9996,1646,4884,-1592,49,False
TreVeyon Henderson,65,64,player,RB,NE,3220,18,19,-292,12580,12529,17043,4432710,23.9,1,,0.0216,0.9994,1556,4776,-1664,51,False
Jared Goff,66,65,player,QB,DET,3191,17,19,109,8587,3163,12611,3046779,31.9,10,,0.0068,0.9978,3551,6742,360,11,False
Derrick Henry,67,66,player,RB,BAL,3180,19,19,96,5421,3198,12626,3043078,32.7,10,,0.0123,0.999,5223,8403,2043,64,False
Bucky Irving,68,67,player,RB,TB,3173,20,19,18,11779,11584,16598,4596448,24.1,2,,0.0174,0.9996,2271,5444,-902,28,False
Tyler Shough,69,68,player,QB,NO,3161,18,19,-24,12686,12545,17039,4360689,26.9,1,,0.0102,0.9956,2501,5662,-660,20,False
Cam Skattebo,70,69,player,RB,NYG,3154,21,19,-216,12643,12481,17045,4696981,24.6,1,,0.0177,0.9994,2620,5774,-534,16,False
Baker Mayfield,71,70,player,QB,TB,3119,19,19,-100,2737,4892,13590,3052587,31.4,8,,0.0084,0.9973,3096,6215,-23,0,False
Marvin Harrison Jr,72,71,player,WR,ARI,3106,26,19,161,11734,11628,16614,4432708,24.1,2,,0.0207,0.9995,1327,4433,-1779,57,False
2027 1st (Mid),73,72,draft_pick,PICK,,3087,2,19,10,15352,FP_2027_mid_0,FP_2027_mid_0,,,,,,,0,3087,-3087,100,False
Travis Etienne,74,72,player,RB,NO,3031,22,20,359,3156,7543,15253,4239996,27.6,5,,0.0164,0.9991,3004,6035,-27,0,False
Jameson Williams,75,73,player,WR,DET,3014,27,20,298,1100,8148,15756,4426388,25.5,4,,0.0139,0.9995,2041,5055,-973,32,False
C.J. Stroud,76,74,player,QB,HOU,3012,20,20,51,9838,9758,16150,4432577,24.9,3,,0.0082,0.9968,2494,5506,-518,17,False
Harold Fannin,77,75,player,TE,CLE,2988,6,20,-267,12659,12506,17103,5083076,22.1,1,,0.0107,0.999,1457,4445,-1531,51,False
Cam Ward,78,76,player,QB,TEN,2975,21,20,-432,12603,12522,17030,4688380,24.3,1,,0.0103,0.9964,2180,5155,-795,26,False
2027 1st,79,77,draft_pick,PICK,,2966,3,20,-5,9692,FP_2027_1,FP_2027_1,,,,,,,0,2966,-2966,100,False
Sam LaPorta,80,77,player,TE,DET,2963,7,20,-119,9843,10859,16214,4430027,25.7,3,,0.0085,0.999,1791,4754,-1172,39,False
Parker Washington,81,78,player,WR,JAX,2868,28,20,433,9894,9487,16192,4432620,24.5,3,,0.0219,0.9856,1721,4589,-1147,39,False
Kyler Murray,82,79,player,QB,MIN,2851,22,20,29,3544,5849,14056,3917315,29.1,7,,0.0113,0.9952,3323,6174,472,16,False
Makai Lemon,83,80,player,WR,PHI,2812,29,21,-208,13550,13294,17499,4870795,22.3,0,,0.0104,0.9986,725,3537,-2087,74,False
D'Andre Swift,84,81,player,RB,CHI,2791,23,21,396,1574,6790,14797,4259545,27.7,6,,0.0179,0.9981,2354,5145,-437,15,False
Brian Thomas,85,82,player,WR,JAX,2712,30,21,-472,11726,11631,16618,4432773,23.9,2,,0.0212,0.999,1160,3872,-1552,57,False
Kyle Pitts,86,83,player,TE,ATL,2691,8,21,-160,280,7553,15329,4360248,25.9,5,,0.0109,0.999,1427,4118,-1264,46,False
Bhayshul Tuten,87,84,player,RB,JAX,2684,24,21,63,12620,12490,17052,4882093,23.6,1,,0.0193,0.9969,1587,4271,-1097,40,False
Matthew Stafford,88,85,player,QB,LAR,2657,23,21,74,3611,421,9431,12483,38.6,17,,0.0082,0.9985,4064,6721,1407,52,False
Sam Darnold,89,86,player,QB,SEA,2641,24,21,-7,8007,4943,13592,3912547,29.3,8,,0.0097,0.9955,2645,5286,4,0,False
KC Concepcion,90,87,player,WR,CLE,2613,31,21,162,13544,13298,17501,4870653,22,0,,0.0109,0.9983,671,3284,-1942,74,False
DJ Moore,91,88,player,WR,BUF,2574,32,21,186,6110,4983,13635,3915416,29.4,8,,0.0145,0.9985,2096,4670,-478,18,False
Christian Watson,92,89,player,WR,GB,2431,33,22,250,5981,8167,15789,4248528,27.3,4,,0.0159,0.996,1555,3986,-876,36,False
Bryce Young,93,90,player,QB,CAR,2411,25,22,-37,9944,9228,16148,4685720,25.1,3,,0.0101,0.994,939,3350,-1472,61,False
Malik Willis,94,91,player,QB,MIA,2390,26,22,293,6888,8161,15694,4242512,27.3,4,,0.0112,0.9455,2127,4517,-263,11,False
2027 1st (Late),95,92,draft_pick,PICK,,2385,4,22,20,15353,FP_2027_late_0,FP_2027_late_0,,,,,,,0,2385,-2385,100,False
David Montgomery,96,92,player,RB,HOU,2333,25,22,74,7515,5892,14071,4035538,29.3,7,,0.0153,0.9987,2398,4731,65,2,False
Kenyon Sadiq,97,93,player,TE,NYJ,2331,9,22,-283,13446,13330,17543,5083315,21.5,0,,0.0076,0.9975,121,2452,-2210,94,False
Ty Simpson,98,94,player,QB,LAR,2317,27,22,511,13495,13275,17463,4685522,23.7,0,,0.0051,0.9939,0,2317,-2317,100,False
Daniel Jones,99,95,player,QB,IND,2315,28,22,165,5,5870,14059,3917792,29.3,7,,0.009,0.9928,1930,4245,-385,16,False
Davante Adams,100,96,player,WR,LAR,2233,34,23,166,1503,2133,11675,16800,33.7,12,,0.0138,0.9985,2256,4489,23,1,False
Terry McLaurin,101,97,player,WR,WAS,2181,35,23,-51,4864,5927,14109,3121422,31,7,,0.0126,0.9978,2023,4204,-158,7,False
2028 1st,102,98,draft_pick,PICK,,2175,5,23,70,9722,FP_2028_1,FP_2028_1,,,,,,,0,2175,-2175,100,False
De'Zhaun Stribling,103,98,player,WR,SF,2145,36,23,439,13586,13417,17514,4710714,23.7,0,,0.0141,0.9841,642,2787,-1503,70,False
Quentin Johnston,104,99,player,WR,LAC,2129,37,23,137,9879,9754,16188,4429025,25,3,,0.0162,0.9954,802,2931,-1327,62,False
Josh Jacobs,105,100,player,RB,GB,2122,26,23,-713,1326,5850,14073,4047365,28.6,7,,0.0245,0.9992,1112,3234,-1010,47,False
George Kittle,106,101,player,TE,SF,2120,10,23,95,5709,4217,13299,3040151,32.9,9,,0.0126,0.998,1332,3452,-788,37,False
Michael Wilson,107,102,player,WR,ARI,2103,38,23,-46,9952,10232,16206,4360761,26.5,3,,0.0199,0.9975,1006,3109,-1097,52,False
Dalton Kincaid,108,103,player,TE,BUF,2087,11,23,205,9819,10236,16213,4385690,26.9,3,,0.0092,0.9962,861,2948,-1226,58,False
Matthew Golden,109,104,player,WR,GB,2017,39,24,-58,12672,12501,17075,4701936,23.1,1,,0.0137,0.9964,651,2668,-1366,67,False
Jaylen Warren,110,105,player,RB,PIT,1989,27,24,98,6285,8228,15742,4569987,27.9,4,,0.0133,0.9988,1175,3164,-814,40,False
Isaiah Likely,111,106,player,TE,NYG,1988,12,24,-7,7402,8131,15798,4361050,26.4,4,,0.0134,0.9863,944,2932,-1044,52,False
Jonathon Brooks,112,107,player,RB,CAR,1936,28,25,1,11725,11583,16597,4678008,23.1,2,,0.0171,0.9783,779,2715,-1157,59,False
Alec Pierce,113,108,player,WR,IND,1936,40,25,-120,5433,8142,15768,4360078,26.4,4,,0.0139,0.9946,895,2831,-1041,53,False
Blake Corum,114,109,player,RB,LAR,1925,29,25,86,11747,11586,16593,4429096,25.8,2,,0.0141,0.9945,633,2558,-1292,67,False
2027 2nd (Early),115,110,draft_pick,PICK,,1921,6,25,26,15354,FP_2027_early_1,FP_2027_early_1,,,,,,,0,1921,-1921,100,False
Jordan Addison,116,110,player,WR,MIN,1921,41,25,-62,9847,9756,16186,4429205,24.6,3,,0.0138,0.9971,607,2528,-1314,68,False
RJ Harvey,117,111,player,RB,DEN,1916,30,25,-18,12601,12489,17068,4568490,25.6,1,,0.0134,0.9989,1020,2936,-896,46,False
2029 1st,118,112,draft_pick,PICK,,1909,7,25,29,9752,FP_2029_1,FP_2029_1,,,,,,,0,1909,-1909,100,False
Jayden Reed,119,112,player,WR,GB,1876,42,25,105,9863,10222,16184,4362249,26.4,3,,0.0127,0.9943,839,2715,-1037,55,False
Rhamondre Stevenson,120,113,player,RB,NE,1861,31,25,211,4294,7611,15259,4569173,28.5,5,,0.0179,0.9951,1396,3257,-465,24,False
DK Metcalf,121,114,player,WR,PIT,1853,43,25,-78,5240,5846,14102,4047650,28.7,7,,0.0126,0.9979,1201,3054,-652,35,False
Jonah Coleman,122,115,player,RB,DEN,1852,32,25,223,13522,13345,17477,4702555,23.1,0,,0.0086,0.9972,177,2029,-1675,90,False
Mike Evans,123,116,player,WR,SF,1845,44,25,-215,7495,2216,11671,16737,33.1,12,,0.0125,0.9975,1487,3332,-358,19,False
Denzel Boston,124,117,player,WR,CLE,1837,45,25,-331,13521,13346,17500,4832800,22.8,0,,0.0079,0.9979,140,1977,-1697,92,False
Jake Ferguson,125,118,player,TE,DAL,1837,13,25,30,6785,8110,15799,4242355,27.6,4,,0.0077,0.9971,845,2682,-992,54,False
Chris Godwin,126,119,player,WR,TB,1804,46,26,224,2505,4037,13163,3116165,30.5,9,,0.0143,0.9947,1067,2871,-737,40,False
Mike Washington,127,120,player,RB,LV,1792,33,26,740,13517,13305,17482,4686658,23.2,0,,0.01,0.9826,458,2250,-1334,74,False
MarShawn Lloyd,128,121,player,RB,GB,1767,34,26,665,11729,11581,16604,4429023,25.7,2,,0.047,0.8773,902,2669,-865,48,False
Zach Charbonnet,129,122,player,RB,SEA,1765,35,26,59,9921,9753,16169,4426385,25.7,3,,0.0075,0.9963,280,2045,-1485,84,False
Josh Downs,130,123,player,WR,IND,1759,47,26,-353,9936,9500,16187,4688813,25.1,3,,0.0141,0.9915,611,2370,-1148,65,False
Wan'Dale Robinson,131,124,player,WR,TEN,1744,48,26,28,4091,8126,15757,4569587,25.7,4,,0.0119,0.9972,613,2357,-1131,64,False
Ja'Kobi Lane,132,125,player,WR,BAL,1714,49,26,381,13523,13293,17517,4870847,22.3,0,,0.0086,0.9741,224,1938,-1490,86,False
Michael Pittman,133,126,player,WR,PIT,1712,50,26,-79,8259,6819,14842,4035687,28.9,6,,0.0137,0.9967,824,2536,-888,51,False
Rico Dowdle,134,127,player,RB,PIT,1709,36,26,-74,1465,7021,14823,4038815,28.2,6,,0.0123,0.9974,1196,2905,-513,30,False
Omar Cooper,135,128,player,WR,NYJ,1705,51,26,-151,13500,13276,17502,4723820,22.7,0,,0.0073,0.9956,0,1705,-1705,100,False
Jordan Mason,136,129,player,RB,MIN,1698,37,26,325,5469,8408,15972,4360569,27.3,4,,0.014,0.9872,914,2612,-784,46,False
Chris Bell,137,130,player,WR,MIA,1695,52,26,597,13453,13311,17506,4869961,22.3,0,,0.0088,0.9908,16,1711,-1679,99,False
Chuba Hubbard,138,131,player,RB,CAR,1683,38,26,-62,183,7594,15261,4241416,27.2,5,,0.0121,0.9968,865,2548,-818,48,False
Travis Hunter,139,132,player,WR,JAX,1682,53,26,-166,12617,12530,17074,4685415,23.3,1,,0.0059,0.9955,75,1757,-1607,95,False
Terrance Ferguson,140,133,player,TE,LAR,1658,14,27,148,12596,12487,17107,4570037,23.5,1,,0.0101,0.9306,0,1658,-1658,100,False
J.K. Dobbins,141,134,player,RB,DEN,1651,39,27,28,5149,6806,14800,4241985,27.7,6,,0.0171,0.994,984,2635,-667,40,False
Kyle Monangai,142,135,player,RB,CHI,1637,40,27,-54,12711,12534,17066,4608686,24.3,1,,0.0116,0.997,515,2152,-1122,68,False
Kenny Gainwell,143,136,player,RB,TB,1623,41,27,29,4476,7567,15255,4371733,27.5,5,,0.0106,0.9917,788,2411,-835,51,False
Courtland Sutton,144,137,player,WR,DEN,1620,54,27,-76,818,5045,13630,3128429,30.9,8,,0.0128,0.9972,829,2449,-791,48,False
Michael Penix,145,138,player,QB,ATL,1613,29,27,325,11739,11559,16583,4360423,26.3,2,,0.0067,0.9808,0,1613,-1613,100,False
Tony Pollard,146,139,player,RB,TEN,1613,42,27,83,407,5967,14085,3916148,29.4,7,,0.0166,0.9946,909,2522,-704,43,False
Jalen Coker,147,140,player,WR,CAR,1608,55,27,80,11783,11646,16809,4695883,24.9,2,,0.0137,0.9778,486,2094,-1122,69,False
Xavier Worthy,148,141,player,WR,KC,1608,56,27,-49,11736,11624,16620,4683062,23.4,2,,0.0116,0.9966,375,1983,-1233,76,False
Jacory Croskey-Merritt,149,142,player,RB,WAS,1607,43,27,-37,12697,12533,17256,4575131,25.4,1,,0.0171,0.9927,695,2302,-912,56,False
Jayden Higgins,150,143,player,WR,HOU,1606,57,27,-188,12652,12484,17083,4877706,23.7,1,,0.0076,0.9962,0,1606,-1606,100,False
Eli Stowers,151,144,player,TE,PHI,1603,15,27,-370,13445,13349,17544,4431574,23.4,0,,0.0044,0.9968,0,1603,-1603,100,False
2027 2nd (Mid),152,145,draft_pick,PICK,,1598,8,27,30,15355,FP_2027_mid_1,FP_2027_mid_1,,,,,,,0,1598,-1598,100,False
Travis Kelce,153,145,player,TE,KC,1591,16,27,-30,2204,1466,11244,15847,36.9,13,,0.0096,0.9954,1181,2772,-410,25,False
Dallas Goedert,154,146,player,TE,PHI,1587,17,27,156,5988,5022,13674,3121023,31.7,8,,0.0088,0.9907,867,2454,-720,45,False
Romeo Doubs,155,147,player,WR,NE,1568,58,27,80,2419,8121,15779,4361432,26.4,4,,0.0109,0.992,534,2102,-1034,65,False
2027 2nd,156,147,draft_pick,PICK,,1568,9,27,26,9693,FP_2027_2,FP_2027_2,,,,,,,0,1568,-1568,100,False
Chig Okonkwo,157,148,player,TE,WAS,1563,18,27,-84,722,8210,15889,4360635,27,4,,0.0073,0.925,158,1721,-1405,89,False
Emmett Johnson,158,149,player,RB,KC,1540,44,28,911,13503,13337,17474,4832955,22.9,0,,0.0072,0.9901,120,1660,-1420,92,False
Oronde Gadsden,159,150,player,TE,LAC,1517,19,28,-206,12576,12493,17099,4595342,23.2,1,,0.009,0.9961,173,1690,-1344,88,False
Mark Andrews,160,151,player,TE,BAL,1516,20,28,-51,4519,5012,13671,3116365,31,8,,0.008,0.9917,714,2230,-802,52,False
Malachi Fields,161,152,player,WR,NYG,1485,59,28,578,13475,13285,17511,4682648,23,0,,0.0071,0.9832,41,1526,-1444,97,False
Brenton Strange,162,153,player,TE,JAX,1455,21,28,-121,9948,9480,16269,4430539,25.7,3,,0.0101,0.9888,245,1700,-1210,83,False
AJ Barner,163,154,player,TE,SEA,1451,22,28,-60,11720,11603,16723,4576297,24.4,2,,0.0077,0.9714,78,1529,-1373,94,False
Juwan Johnson,164,155,player,TE,NO,1450,23,28,45,5552,7002,14861,3929645,30,6,,0.0085,0.9753,487,1937,-963,66,False
Nicholas Singleton,165,156,player,RB,TEN,1433,45,28,-89,13515,13288,17476,4685555,22.7,0,,0.0053,0.9979,0,1433,-1433,100,False
2027 2nd (Late),166,157,draft_pick,PICK,,1393,10,29,33,15356,FP_2027_late_1,FP_2027_late_1,,,,,,,0,1393,-1393,100,False
Tyler Allgeier,167,157,player,RB,ARI,1390,46,29,69,6408,8132,15712,4373626,26.4,4,,0.0104,0.9838,486,1876,-904,65,False
Woody Marks,168,158,player,RB,HOU,1389,47,29,66,12599,12474,17053,4429059,25.7,1,,0.012,0.9925,436,1825,-953,68,False
Khalil Shakir,169,159,player,WR,BUF,1389,60,29,41,8607,8134,15761,4373678,26.6,4,,0.0087,0.9926,344,1733,-1045,75,False
Stefon Diggs,170,160,player,WR,WAS,1381,61,29,-203,3214,2449,12186,2976212,32.8,11,,0.0133,0.9779,776,2157,-605,43,False
Geno Smith,171,161,player,QB,NYJ,1379,30,29,62,6305,1373,11150,15864,35.9,13,,0.0073,0.9584,271,1650,-1108,80,False
Jacoby Brissett,172,162,player,QB,ARI,1378,31,29,-128,2042,3257,12616,2578570,33.7,10,,0.0108,0.9776,409,1787,-969,70,False
Kaelon Black,173,163,player,RB,SF,1374,48,29,477,13592,13414,17485,4696044,24.9,0,,0.0086,0.9343,122,1496,-1252,91,False
Germie Bernard,174,164,player,WR,PIT,1371,62,29,382,13516,13274,17503,4685261,22.8,0,,0.0056,0.9901,0,1371,-1371,100,False
Caleb Douglas,175,165,player,WR,MIA,1363,63,29,567,13451,13296,17599,4869645,23,0,,0.008,0.8265,40,1403,-1323,97,False
Rachaad White,176,166,player,RB,WAS,1360,49,29,-210,2187,8136,15721,4697815,27.7,4,,0.0093,0.986,604,1964,-756,55,False
Rashid Shaheed,177,167,player,WR,SEA,1357,64,29,18,2354,8676,16080,4032473,28,4,,0.0085,0.9833,291,1648,-1066,78,False
Antonio Williams,178,168,player,WR,WAS,1356,65,29,-148,13422,13301,17512,5081432,22.2,0,,0.0048,0.9941,0,1356,-1356,100,False
Dalton Schultz,179,169,player,TE,HOU,1351,24,29,299,4655,5001,13772,3117256,30.2,8,,0.0049,0.9552,175,1526,-1176,87,False
Chris Rodriguez,180,170,player,RB,JAX,1345,50,29,22,9831,10219,16174,4362619,27,3,,0.0091,0.962,433,1778,-912,67,False
2028 2nd,181,171,draft_pick,PICK,,1338,11,29,17,9723,FP_2028_2,FP_2028_2,,,,,,,0,1338,-1338,100,False
Pat Bryant,182,171,player,WR,DEN,1336,66,29,243,12634,12492,17082,4600981,23.7,1,,0.0067,0.9322,0,1336,-1336,100,False
Jakobi Meyers,183,172,player,WR,JAX,1330,67,29,-68,2463,5947,14127,3916433,29.8,7,,0.0088,0.9956,349,1679,-981,73,False
Hunter Henry,184,173,player,TE,NE,1322,25,29,-8,675,3214,12676,3046439,31.8,10,,0.0067,0.9767,251,1573,-1071,81,False
Deebo Samuel,185,174,player,WR,SF,1318,68,29,-54,2495,5872,14136,3126486,30.7,7,,0.0087,0.9587,576,1894,-742,56,False
T.J. Hockenson,186,175,player,TE,MIN,1316,26,29,-158,8215,5844,14138,4036133,29.2,7,,0.0071,0.981,177,1493,-1139,86,False
Tua Tagovailoa,187,176,player,QB,ATL,1311,32,29,-275,6092,6768,14778,4241479,28.5,6,,0.006,0.9728,0,1311,-1311,100,False
Kaleb Johnson,188,177,player,RB,PIT,1309,51,29,243,12598,12504,17048,4819231,23.1,1,,0.0181,0.9616,141,1450,-1168,89,False
Zachariah Branch,189,178,player,WR,ATL,1302,69,29,-149,13496,13320,17507,4870612,22.4,0,,0.0045,0.9915,0,1302,-1302,100,False
Dylan Sampson,190,179,player,RB,CLE,1295,52,29,49,12638,12469,17047,5081397,22,1,,0.0061,0.9799,46,1341,-1249,96,False
Cyrus Allen,191,180,player,WR,KC,1288,70,29,44,13605,13413,17518,4912218,23.6,0,,0.0104,0.5529,97,1385,-1191,92,False
2029 2nd,192,181,draft_pick,PICK,,1284,12,29,24,9753,FP_2029_2,FP_2029_2,,,,,,,0,1284,-1284,100,False
Gunnar Helm,193,181,player,TE,TEN,1281,27,29,-69,12640,12502,17105,4686728,24,1,,0.0056,0.9271,6,1287,-1275,99,False
Ricky Pearsall,194,182,player,WR,SF,1278,71,29,-141,11752,11638,16622,4428209,26,2,,0.0052,0.9965,0,1278,-1278,100,False
Braelon Allen,195,183,player,RB,NYJ,1269,53,30,124,11748,11576,16596,4685247,22.6,2,,0.0063,0.9597,55,1324,-1214,95,False
Tre' Harris,196,184,player,WR,LAC,1262,72,30,-63,12593,12509,17072,4686612,24.5,1,,0.0054,0.971,0,1262,-1262,100,False
Tank Bigsby,197,185,player,RB,PHI,1257,54,30,-27,9925,9225,16164,4429013,24,3,,0.0063,0.9218,107,1364,-1150,91,False
Aaron Rodgers,198,186,player,QB,PIT,1252,33,30,-44,715,96,7836,8439,42.8,21,,0.0079,0.9604,444,1696,-808,64,False
Drew Allar,199,187,player,QB,PIT,1244,34,30,392,13538,13289,17468,4714771,22.5,0,,0.004,0.9353,0,1244,-1244,100,False
Tre Tucker,200,188,player,WR,LV,1243,73,30,157,9873,10213,16287,4428718,25.5,3,,0.0062,0.9336,166,1409,-1077,86,False
2027 3rd (Early),201,189,draft_pick,PICK,,1237,13,30,35,15357,FP_2027_early_2,FP_2027_early_2,,,,,,,0,1237,-1237,100,False
Kirk Cousins,202,189,player,QB,LV,1217,35,30,72,536,1166,10700,14880,38.1,14,,0.0108,0.9131,211,1428,-1006,82,False
Keaton Mitchell,203,190,player,RB,LAC,1209,55,30,22,9982,9511,16178,4596334,24.6,3,,0.0062,0.922,145,1354,-1064,88,False
Kayshon Boutte,204,191,player,WR,NE,1204,74,30,67,9939,9504,16193,4429022,24.3,3,,0.0098,0.9399,146,1350,-1058,87,False
Brian Robinson,205,192,player,RB,ATL,1202,56,30,101,4174,8154,15716,4241474,27.5,4,,0.0073,0.954,159,1361,-1043,86,False
Shedeur Sanders,206,193,player,QB,CLE,1201,36,30,-590,12587,12524,17031,4432762,24.6,1,,0.0045,0.9842,0,1201,-1201,100,False
Tyjae Spears,207,194,player,RB,TEN,1192,57,30,10,9817,9508,16165,4428557,25.2,3,,0.0067,0.9773,139,1331,-1053,88,False
Jalen McMillan,208,195,player,WR,TB,1184,75,30,-245,11754,11618,16628,4430834,24.8,2,,0.004,0.9733,30,1214,-1154,97,False
Deshaun Watson,209,196,player,QB,CLE,1183,37,30,-48,3568,4017,13113,3122840,31,9,,0.0084,0.8813,70,1253,-1113,94,False
Tyrone Tracy,210,197,player,RB,NYG,1178,58,30,-180,12123,11655,16747,4360516,26.8,2,,0.0059,0.9917,106,1284,-1072,91,False
Dontayvion Wicks,211,198,player,WR,PHI,1176,76,30,46,9909,9486,16195,4428850,25.2,3,,0.0071,0.7981,27,1203,-1149,97,False
Jalen Nailor,212,199,player,WR,LV,1165,77,30,27,3629,8180,15786,4382466,27.5,4,,0.0048,0.8897,152,1317,-1013,86,False
Malik Washington,213,200,player,WR,MIA,1155,78,30,37,11770,11610,16684,4569603,25.7,2,,0.0075,0.9162,121,1276,-1034,89,False
Tank Dell,214,201,player,WR,HOU,1141,79,30,-63,9950,9502,16204,4366031,26.9,3,,0.0038,0.9564,74,1215,-1067,93,False
Aaron Jones,215,202,player,RB,MIN,1122,59,31,-86,2382,4199,13319,3042519,31.8,9,,0.0087,0.9892,437,1559,-685,61,False
Carson Beck,216,203,player,QB,ARI,1117,38,31,-584,13448,13272,17466,4430841,23.8,0,,0.0033,0.9791,0,1117,-1117,100,False
2027 3rd (Mid),217,204,draft_pick,PICK,,1115,14,31,38,15358,FP_2027_mid_2,FP_2027_mid_2,,,,,,,0,1115,-1115,100,False
2027 3rd,218,204,draft_pick,PICK,,1108,15,31,36,9694,FP_2027_3,FP_2027_3,,,,,,,0,1108,-1108,100,False
Adonai Mitchell,219,204,player,WR,NYJ,1099,80,31,-48,11711,11625,16626,4597500,23.9,2,,0.0046,0.9067,0,1099,-1099,100,False
Ted Hurst,220,205,player,WR,TB,1076,81,31,60,13536,13317,17520,5220680,22.2,0,,0.0034,0.9791,0,1076,-1076,100,False
Isaac TeSlaa,221,206,player,WR,DET,1063,82,31,-143,12679,12535,17157,5123663,24.5,1,,0.0055,0.963,0,1063,-1063,100,False
Alvin Kamara,222,207,player,RB,NO,1058,60,31,-169,4144,4035,13132,3054850,31.1,9,,0.005,0.9767,103,1161,-955,90,False
Jerry Jeudy,223,208,player,WR,CLE,1058,83,31,-180,2427,6783,14833,4241463,27.4,6,,0.0049,0.9774,25,1083,-1033,97,False
J.J. McCarthy,224,209,player,QB,MIN,1048,39,31,-591,11740,11565,16584,4433970,23.6,2,,0.0031,0.9752,0,1048,-1048,100,False
Greg Dulcich,225,210,player,TE,MIA,1019,28,31,-78,3550,8172,15797,4367209,26.5,4,,0.0056,0.6377,0,1019,-1019,100,False
2027 3rd (Late),226,211,draft_pick,PICK,,1011,16,31,28,15359,FP_2027_late_2,FP_2027_late_2,,,,,,,0,1011,-1011,100,False
Keenan Allen,227,211,player,WR,IND,998,84,31,831,1334,1479,11222,15818,34.4,13,,0.0047,0.7451,142,1140,-856,85,False
2028 3rd,228,212,draft_pick,PICK,,987,17,31,-3,9724,FP_2028_3,FP_2028_3,,,,,,,0,987,-987,100,False
Najee Harris,229,212,player,RB,NYG,979,61,31,843,7252,7528,15254,4241457,28.5,5,,0.0044,0.799,12,991,-967,98,False
2029 3rd,230,213,draft_pick,PICK,,961,18,31,6,9754,FP_2029_3,FP_2029_3,,,,,,,0,961,-961,100,False
Malik Davis,231,213,player,RB,DAL,951,62,31,794,1310,8800,15738,4240603,27.8,4,,0.004,0.4516,29,980,-922,96,False
2027 4th (Early),232,214,draft_pick,PICK,,926,19,32,19,15360,FP_2027_early_3,FP_2027_early_3,,,,,,,0,926,-926,100,False
Skyler Bell,233,214,player,WR,BUF,924,85,32,452,13559,13402,17508,4683153,24.2,0,,0.0034,0.9706,0,924,-924,100,False
Pat Freiermuth,234,215,player,TE,PIT,922,29,32,28,2550,7600,15331,4361411,27.9,5,,0.0034,0.8766,2,924,-920,99,False
Eli Raridon,235,216,player,TE,NE,901,30,32,-174,13565,13421,17607,4831959,22.6,0,,0.0034,0.8784,0,901,-901,100,False
Jaylin Noel,236,217,player,WR,HOU,889,86,32,89,12710,12536,17080,4586312,24,1,,0.0035,0.9296,0,889,-889,100,False
Tory Horton,237,218,player,WR,SEA,869,87,32,-215,12637,12497,17098,4597703,23.8,1,,0.0039,0.9454,0,869,-869,100,False
Jauan Jennings,238,219,player,WR,MIN,865,88,32,-114,2631,7049,14860,3886598,29.2,6,,0.0037,0.9786,14,879,-851,98,False
Jack Bech,239,220,player,WR,LV,859,89,32,-85,12626,12483,17078,4603186,23.7,1,,0.0041,0.9392,0,859,-859,100,False
2027 4th (Mid),240,221,draft_pick,PICK,,855,20,32,13,15361,FP_2027_mid_3,FP_2027_mid_3,,,,,,,0,855,-855,100,False
2027 4th,241,221,draft_pick,PICK,,854,21,32,12,9695,FP_2027_4,FP_2027_4,,,,,,,0,854,-854,100,False
Zavion Thomas,242,221,player,WR,CHI,850,90,32,405,13612,13411,17521,4869748,22.6,0,,0.0034,0.7719,0,850,-850,100,False
Kaytron Allen,243,222,player,RB,WAS,848,63,32,-38,13556,13405,17478,4685246,23.7,0,,0.0031,0.9875,0,848,-848,100,False
Demond Claiborne,244,223,player,RB,MIN,824,64,32,-224,13437,13347,17481,4832846,22.9,0,,0.0037,0.9395,0,824,-824,100,False
Keon Coleman,245,224,player,WR,BUF,812,91,32,-373,11716,11637,16617,4635008,23.3,2,,0.0033,0.9496,0,812,-812,100,False
2028 4th,246,224,draft_pick,PICK,,812,22,32,8,9725,FP_2028_4,FP_2028_4,,,,,,,0,812,-812,100,False
2027 4th (Late),247,225,draft_pick,PICK,,790,23,32,11,15362,FP_2027_late_3,FP_2027_late_3,,,,,,,0,790,-790,100,False
David Njoku,248,225,player,TE,LAC,789,31,32,-315,6513,4033,13192,3123076,30.2,9,,0.003,0.9312,0,789,-789,100,False
2029 4th,249,225,draft_pick,PICK,,789,24,32,-18,9755,FP_2029_4,FP_2029_4,,,,,,,0,789,-789,100,False
Devaughn Vele,250,226,player,WR,NO,786,92,32,569,11908,11834,16788,4569559,28.7,2,,0.0039,0.5946,20,806,-766,97,False
Cade Otton,251,227,player,TE,TB,780,32,32,-343,2021,8111,15802,4243331,27.4,4,,0.0031,0.922,0,780,-780,100,False
Jaylen Wright,252,228,player,RB,MIA,776,65,32,-7,11781,11643,16610,4682745,23.4,2,,0.0037,0.8725,0,776,-776,100,False
Anthony Richardson,253,229,player,QB,IND,767,40,32,-91,9951,9229,16152,4429084,24.3,3,,0.0026,0.9105,0,767,-767,100,False
Isiah Pacheco,254,230,player,RB,DET,767,66,32,-440,3777,8205,15749,4361529,27.5,4,,0.0025,0.978,41,808,-726,94,False
Mason Taylor,255,231,player,TE,NYJ,749,33,33,-224,12642,12498,17106,4808766,22.3,1,,0.0029,0.9446,0,749,-749,100,False
Ray Davis,256,232,player,RB,BUF,716,67,33,27,11699,11575,16603,4429501,26.8,2,,0.0032,0.8253,13,729,-703,98,False
Kyle Williams,257,233,player,WR,NE,699,93,33,152,12713,12547,17134,4613202,23.8,1,,0.0027,0.8798,0,699,-699,100,False
Darren Waller,258,234,player,TE,CAR,697,34,33,623,4485,2505,12263,2576925,34,11,,0.0037,0.3238,10,707,-687,98,False
Adam Randall,259,235,player,RB,BAL,669,68,33,210,13417,13302,17652,4685526,22.2,0,,0.0023,0.9001,0,669,-669,100,False
Kimani Vidal,260,236,player,RB,LAC,662,69,33,-135,11790,11647,16757,4430968,25,2,,0.0029,0.9063,0,662,-662,100,False
Elijah Arroyo,261,237,player,TE,SEA,654,35,33,-29,12650,12521,17108,4678006,23.4,1,,0.0023,0.8857,0,654,-654,100,False
Cooper Kupp,262,238,player,WR,SEA,635,94,34,-117,5586,4039,13164,2977187,33.2,9,,0.0027,0.8611,31,666,-604,95,False
Mac Jones,263,239,player,QB,SF,629,41,34,-340,6814,7527,15241,4241464,28,5,,0.0019,0.8732,0,629,-629,100,False
Elijah Sarratt,264,240,player,WR,BAL,616,95,34,-343,13435,13268,17505,5088338,23.3,0,,0.0023,0.9866,0,616,-616,100,False
Jacob Saylors,265,241,player,RB,DET,612,70,34,611,11321,11237,16850,4383429,25.5,3,,0.003,,0,612,-612,100,False
Jordan James,266,242,player,RB,SF,611,71,34,-79,12657,12467,17055,4685397,22.4,1,,0.0026,0.8264,0,611,-611,100,False
Troy Franklin,267,243,player,WR,DEN,604,96,34,-315,11738,11627,16619,4431280,23.6,2,,0.0023,0.9504,0,604,-604,100,False
Calvin Ridley,268,244,player,WR,TEN,604,97,34,-169,41,4981,13629,3925357,31.7,8,,0.0027,0.8516,0,604,-604,100,False
George Holani,269,245,player,RB,SEA,596,72,34,246,12166,12048,16608,4429835,26.7,2,,0.0032,0.2607,0,596,-596,100,False
Evan Engram,270,246,player,TE,DEN,584,36,34,-211,3648,4066,13189,3051876,32,9,,0.0026,0.8285,0,584,-584,100,False
Jalen Milroe,271,247,player,QB,SEA,578,42,34,27,12665,12510,17033,4432734,23.7,1,,0.002,0.8943,0,578,-578,100,False
Seth McGowan,272,248,player,RB,IND,577,73,34,188,13582,13424,17475,4686468,24.9,0,,0.0022,0.6355,0,577,-577,100,False
Ryan Flournoy,273,249,player,WR,DAL,567,98,35,-184,11873,11783,16778,5083754,26.9,2,,0.0024,0.7372,0,567,-567,100,False
Max Klare,274,250,player,TE,LAR,549,37,35,-31,13527,13278,17547,4833029,23.2,0,,0.0024,0.9583,0,549,-549,100,False
Sean Tucker,275,251,player,RB,TB,545,74,35,-84,9915,9506,16166,4430871,24.9,3,,0.0026,0.8405,0,545,-545,100,False
Michael Mayer,276,252,player,TE,LV,535,38,35,20,9931,9482,16212,4429086,25.2,3,,0.0016,0.792,0,535,-535,100,False
Chimere Dike,277,253,player,WR,TEN,527,99,35,-253,12693,12540,17171,4431268,24.7,1,,0.0028,0.9043,0,527,-527,100,False
Tyreek Hill,278,254,player,WR,,527,100,35,-205,7958,3321,12801,3116406,32.5,10,,0.0017,0.9607,0,527,-527,100,False
Ollie Gordon,279,255,player,RB,MIA,517,75,35,-293,12616,12495,17059,4711533,22.6,1,,0.0019,0.9166,0,517,-517,100,False
Oscar Delp,280,256,player,TE,NO,500,39,36,-223,13530,13319,17567,4702559,23.1,0,,0.0021,0.8844,0,500,-500,100,False
Justin Fields,281,257,player,QB,KC,500,43,36,-210,7191,7591,15238,4362887,27.5,5,,0.0018,0.9064,0,500,-500,100,False
Chris Brazzell,282,258,player,WR,CAR,494,101,36,-127,13464,13353,17509,5091739,23,0,,0.002,0.9796,0,494,-494,100,False
Cade Klubnik,283,259,player,QB,NYJ,491,44,36,-69,13499,13303,17467,4685413,22.9,0,,0.0016,0.9117,0,491,-491,100,False
Barion Brown,284,260,player,WR,NO,490,102,36,287,13751,13533,17541,4698597,22.7,0,,0.002,0.0643,0,490,-490,100,False
Brandon Aiyuk,285,261,player,WR,SF,483,103,36,-579,6429,6803,14840,4360438,28.5,6,,0.0017,0.9753,0,483,-483,100,False
Elic Ayomanor,286,262,player,WR,TEN,451,104,37,-582,12623,12499,17073,4883647,23.3,1,,0.0016,0.9291,0,451,-451,100,False
Darnell Mooney,287,263,player,WR,NYG,447,105,37,-100,3901,7090,14974,4040655,28.9,6,,0.002,0.8758,0,447,-447,100,False
James Conner,288,264,player,RB,ARI,441,76,37,-233,7447,4137,13146,3045147,31.4,9,,0.0015,0.9188,0,441,-441,100,False
Chris Brooks,289,265,player,RB,GB,434,77,37,297,11653,11370,16387,3149687,26.7,3,,0.0017,0.4952,0,434,-434,100,False
Jalon Daniels,290,266,player,QB,TB,433,45,37,464,13611,13425,17469,4596472,23.9,0,,0.0012,0.0155,0,433,-433,100,False
Bryce Lance,291,267,player,WR,NO,413,106,37,-3,13604,13420,17519,4879276,24.1,0,,0.0016,0.7749,0,413,-413,100,False
Jack Strand,292,268,player,QB,ATL,409,46,37,375,13808,13602,UNK,,22.2,0,,0.0014,0.0067,0,409,-409,100,False
Rashod Bateman,293,269,player,WR,BAL,405,107,37,-29,7410,7571,15293,4360939,26.8,5,,0.0015,0.7367,0,405,-405,100,False
Justice Hill,294,270,player,RB,BAL,363,78,38,159,5156,5995,14086,4038441,28.8,7,,0.0016,0.5494,0,363,-363,100,False
Matt Hibner,295,271,player,TE,BAL,359,40,38,10,13542,13324,UNK,,24.5,0,,0.0014,0.6163,0,359,-359,100,False
Eli Heidenreich,296,272,player,RB,PIT,346,79,38,30,13581,13423,17685,5081508,23.2,0,,0.0014,0.7397,0,346,-346,100,False
Will Howard,297,273,player,QB,PIT,345,47,38,50,12619,12511,17036,4429955,25,1,,0.0014,0.8192,0,345,-345,100,False
Trey Benson,298,274,player,RB,ARI,329,80,38,-429,11758,11589,16594,4429275,24.1,2,,0.0009,0.9358,0,329,-329,100,False
Isaiah Davis,299,275,player,RB,NYJ,328,81,38,-102,11767,11571,16752,4695404,24.5,2,,0.0013,0.6641,0,328,-328,100,False
Justin Joly,300,276,player,TE,DEN,325,41,38,-217,13552,13400,17548,4912052,22.2,0,,0.0009,0.8343,0,325,-325,100,False
Kendre Miller,301,277,player,RB,NO,319,82,38,199,9960,9757,16171,4599739,24.2,3,,0.0018,0.5783,0,319,-319,100,False
Jake Tonges,302,278,player,TE,SF,318,42,38,-305,3676,8698,16036,4259147,27.2,4,,0.0009,0.7801,0,318,-318,100,False
Jaydon Blue,303,279,player,RB,DAL,312,83,38,-827,12622,12457,17069,4685279,22.7,1,,0.0008,0.9062,0,312,-312,100,False
Colby Parkinson,304,280,player,TE,LAR,307,43,38,-273,6289,6865,14871,4242557,27.7,6,,0.0009,0.7269,0,307,-307,100,False
DJ Giddens,305,281,player,RB,IND,307,84,38,-264,12656,12471,17060,4874509,23,1,,0.0012,0.8157,0,307,-307,100,False
LeQuint Allen,306,282,player,RB,JAX,304,85,38,-96,12714,12544,17061,4911851,22.1,1,,0.0012,0.68,0,304,-304,100,False
Theo Johnson,307,283,player,TE,NYG,304,44,38,-362,11749,11597,16649,4429148,25.5,2,,0.001,0.905,0,304,-304,100,False
Marlin Klein,308,284,player,TE,HOU,303,45,38,102,13462,13307,17593,4695705,24,0,,0.001,0.3734,0,303,-303,100,False
Cole Kmet,309,285,player,TE,CHI,302,46,38,84,4857,6826,14867,4258595,27.5,6,,0.001,0.6943,0,302,-302,100,False
Mike Gesicki,310,286,player,TE,CIN,299,47,38,-50,7291,4993,13672,3116164,30.9,8,,0.0014,0.666,0,299,-299,100,False
Marvin Mims,311,287,player,WR,DEN,295,108,38,-106,9955,9494,16189,4686472,24.5,3,,0.0013,0.7598,0,295,-295,100,False
Colbie Young,312,288,player,WR,CIN,292,109,38,30,13771,13477,17542,5092508,24.1,0,,0.0011,0.1873,0,292,-292,100,False
Xavier Legette,313,289,player,WR,CAR,292,110,38,-333,11718,11626,16639,4430034,25.6,2,,0.0011,0.8172,0,292,-292,100,False
Kevin Coleman,314,290,player,WR,MIA,286,111,38,-4,13539,13338,17528,4685307,23,0,,0.0012,0.7157,0,286,-286,100,False
Joe Milton,315,291,player,QB,DAL,280,48,38,50,11772,11557,16585,4360698,26.5,2,,0.0006,0.5904,0,280,-280,100,False
Brenen Thompson,316,292,player,WR,LAC,274,112,38,-60,13431,13380,17529,4685553,23.1,0,,0.0011,0.7895,0,274,-274,100,False
Joe Flacco,317,293,player,QB,CIN,272,49,38,20,2323,19,9064,11252,41.7,18,,0.0009,0.582,0,272,-272,100,False
Isaiah Bond,318,294,player,WR,CLE,271,113,38,-219,12655,12503,17076,4808839,22.5,1,,0.0009,0.7029,0,271,-271,100,False
Jahan Dotson,319,295,player,WR,ATL,270,114,38,51,7169,8119,15755,4361409,26.5,4,,0.0012,0.4755,0,270,-270,100,False
Tez Johnson,320,296,player,WR,TB,263,115,39,-45,12667,12485,17079,4608810,24.3,1,,0.001,0.781,0,263,-263,100,False
Emanuel Wilson,321,297,player,RB,SEA,259,86,39,-267,11422,11435,16432,4887558,27.3,3,,0.001,0.8827,0,259,-259,100,False
Taylen Green,322,298,player,QB,CLE,253,50,39,-7,13535,13306,17657,4431325,23.9,0,,0.0011,0.7531,0,253,-253,100,False
Roschon Johnson,323,299,player,RB,CHI,253,87,39,253,9926,10235,16175,4426386,25.6,3,,0.0017,0.2744,0,253,-253,100,False
Odell Beckham,324,300,player,WR,NYG,250,116,39,-39,2245,2078,11679,16733,33.8,12,,0.0007,0.2841,0,250,-250,100,False
Jalen Royals,325,301,player,WR,KC,242,117,39,-2,12671,12505,17086,5082630,23.6,1,,0.001,0.7581,0,242,-242,100,False
Roman Wilson,326,302,player,WR,PIT,240,118,39,-78,11750,11630,16629,4431492,25.2,2,,0.001,0.3693,0,240,-240,100,False
Malik Benson,327,303,player,WR,LV,235,119,39,-156,13533,13329,17706,5150247,23.9,0,,0.0007,0.2001,0,235,-235,100,False
DeMario Douglas,328,304,player,WR,NE,233,120,39,2,9840,9501,16342,4427095,25.8,3,,0.0009,0.621,0,233,-233,100,False
Camden Brown,329,305,player,WR,DAL,229,121,39,233,30210,13726,UNK,,,0,,0.0006,,0,229,-229,100,False
Brashard Smith,330,306,player,RB,KC,216,88,39,14,12591,12455,17049,4596602,23.4,1,,0.001,0.6413,0,216,-216,100,False
Quinn Ewers,331,307,player,QB,MIA,215,51,39,64,12648,12500,17034,4889929,23.5,1,,0.0006,0.726,0,215,-215,100,False
Devin Neal,332,308,player,RB,NO,211,89,39,-87,12618,12476,17046,4682652,23.1,1,,0.0008,0.8963,0,211,-211,100,False
Sam Roush,333,309,player,TE,CHI,196,48,39,16,13540,13322,17549,4685504,23,0,,0.0006,0.2779,0,196,-196,100,False
Spencer Rattler,334,310,player,QB,NO,189,52,39,22,11719,11562,16586,4426339,25.9,2,,0.0008,0.513,0,189,-189,100,False
Jameis Winston,335,311,player,QB,NYG,188,53,39,-50,794,2306,12140,2969939,32.7,11,,0.0006,0.5612,0,188,-188,100,False
Will Kacmarek,336,312,player,TE,MIA,186,49,39,-82,13620,13434,17605,4880236,23.6,0,,0.0006,0.4313,0,186,-186,100,False
Emari Demercado,337,313,player,RB,KC,178,90,40,102,11170,11199,16385,4362478,27.6,3,,0.0008,0.4064,0,178,-178,100,False
J'Mari Taylor,338,314,player,RB,JAX,176,91,40,-42,13511,13348,17487,4713118,24.5,0,,0.0005,0.6159,0,176,-176,100,False
Garrett Nussmeier,339,315,player,QB,KC,168,54,40,-23,13558,13404,17465,4567747,24.6,0,,0.0004,0.745,0,168,-168,100,False
Xavier Hutchinson,340,316,player,WR,HOU,167,122,40,144,9854,10218,16201,4686422,26.3,3,,0.0005,0.2838,0,167,-167,100,False
Samaje Perine,341,317,player,RB,CIN,161,92,40,47,3463,4147,13133,3116389,31,9,,0.0006,0.3776,0,161,-161,100,False
Jonnu Smith,342,318,player,TE,,158,50,40,160,4185,4144,13193,3054212,31.1,9,,0.0007,0.4139,0,158,-158,100,False
Josh Cameron,343,319,player,WR,JAX,157,123,40,108,13494,13394,17527,4879194,23.5,0,,0.0003,0.1986,0,157,-157,100,False
Dont'e Thornton,344,320,player,WR,LV,157,124,40,-113,12706,12541,17087,4432775,23.8,1,,0.0006,0.7311,0,157,-157,100,False
Erick All,345,321,player,TE,CIN,155,51,40,35,11761,11592,16645,4427834,26,2,,0.0005,0.2877,0,155,-155,100,False
Riley Leonard,346,322,player,QB,IND,155,55,40,-180,12613,12470,17035,4683423,24,1,,0.0005,0.6265,0,155,-155,100,False
Darnell Washington,347,323,player,TE,PIT,154,52,40,-107,9923,9479,16216,4430802,25.1,3,,0.0005,0.5943,0,154,-154,100,False
Marcus Mariota,348,324,player,QB,WAS,153,56,40,-60,7818,2307,12141,2576980,32.9,11,,0.0004,0.6595,0,153,-153,100,False
Marquise Brown,349,325,player,WR,PHI,153,125,40,-59,3950,5848,14105,4241372,29.3,7,,0.0006,0.7135,0,153,-153,100,False
Tahj Brooks,350,326,player,RB,CIN,150,93,40,-190,12688,12543,17058,4429299,24.3,1,,0.0005,0.6015,0,150,-150,100,False
Noah Gray,351,327,player,TE,KC,149,53,40,26,865,7828,15337,4240472,27.4,5,,0.0007,0.5227,0,149,-149,100,False
Treylon Burks,352,328,player,WR,WAS,148,126,40,-49,2373,8135,15752,4567156,26.5,4,,0.0005,0.317,0,148,-148,100,False
Charlie Kolar,353,329,player,TE,LAC,144,54,40,65,8058,8127,15795,4241263,27.6,4,,0.0008,0.0506,0,144,-144,100,False
Trevor Etienne,354,330,player,RB,CAR,138,94,40,-149,12703,12531,17056,4685350,22.2,1,,0.0004,0.6777,0,138,-138,100,False
Andrei Iosivas,355,331,player,WR,CIN,138,127,40,-165,9959,10226,16207,4368003,26.9,3,,0.0005,0.5459,0,138,-138,100,False
Ja'Tavion Sanders,356,332,player,TE,CAR,138,55,40,-333,11714,11600,16643,4431588,23.5,2,,0.0004,0.782,0,138,-138,100,False
Isaac Guerendo,357,333,player,RB,SF,131,95,40,131,11789,11651,16688,4372561,26.2,2,,0.0006,0.4376,0,131,-131,100,False
Haynes King,358,334,player,QB,CAR,127,57,40,-74,13580,13415,17713,4428993,25.7,0,,0.0002,0.0249,0,127,-127,100,False
Dawson Knox,359,335,player,TE,BUF,125,56,40,44,1787,5906,14143,3930086,29.8,7,,0.0004,0.4892,0,125,-125,100,False
Ben Sinnott,360,336,player,TE,WAS,123,57,40,-74,11746,11596,16644,4690923,24.2,2,,0.0004,0.59,0,123,-123,100,False
Tanner Koziol,361,337,player,TE,JAX,121,58,40,-32,13614,13408,17644,4917427,22.6,0,,0.0004,0.4366,0,121,-121,100,False
Dohnte Meyers,362,338,player,WR,CIN,118,128,40,120,13414,13264,UNK,,26.2,3,,0.0006,,0,118,-118,100,False
Jalen Tolbert,363,339,player,WR,MIA,115,129,40,-13,2144,8117,15788,4249417,27.5,4,,0.0004,0.5384,0,115,-115,100,False
Tyquan Thornton,364,340,player,WR,KC,114,130,40,-150,5858,8188,15787,4362921,26.1,4,,0.0003,0.5332,0,114,-114,100,False
John Metchie,365,341,player,WR,CAR,114,131,40,4,3812,8147,15759,4567096,26.1,4,,0.0005,0.3672,0,114,-114,100,False
Tyson Bagent,366,342,player,QB,CHI,113,58,40,-32,11408,11256,16384,4434153,26.3,3,,0.0003,0.3477,0,113,-113,100,False
Jack Endries,367,343,player,TE,CIN,110,59,40,-94,13428,13282,17545,5085189,22.5,0,,0.0003,0.4966,0,110,-110,100,False
Darius Slayton,368,344,player,WR,NYG,107,132,41,-59,6028,6149,14122,3916945,29.7,7,,0.0004,0.5922,0,107,-107,100,False
Trey Lance,369,345,player,QB,LAC,105,59,41,39,4875,7610,15240,4383351,26.3,5,,0.0004,0.3077,0,105,-105,100,False
Jarquez Hunter,370,346,player,RB,LAR,105,96,41,15,11707,11569,17064,4710341,23.7,1,,0.0003,0.5867,0,105,-105,100,False
Tyler Huntley,371,347,player,QB,BAL,100,60,41,10,3004,7083,14789,4035671,28.6,6,,0.0004,0.2191,0,100,-100,100,False
Kendrick Bourne,372,348,player,WR,ARI,96,133,41,56,1449,4454,13418,3045523,31.1,9,,0.0005,0.3012,0,96,-96,100,False
Audric Estime,373,349,player,RB,NO,95,97,41,37,11776,11579,16595,4569682,23,2,,0.0004,0.374,0,95,-95,100,False
Ty Johnson,374,350,player,RB,BUF,94,98,41,21,607,6039,14095,3915411,29,7,,0.0004,0.3642,0,94,-94,100,False
Davis Mills,375,351,player,QB,HOU,89,61,41,-1,1246,7585,15252,4242546,27.9,5,,0.0003,0.3637,0,89,-89,100,False
CJ Daniels,376,352,player,WR,LAR,87,134,41,-234,13426,13270,17504,4605951,24.7,0,,0.0002,0.413,0,87,-87,100,False
Joshua Palmer,377,353,player,WR,BUF,85,135,41,87,2308,7670,15319,4242433,27,5,,0.0004,0.3435,0,85,-85,100,False
Luke Musgrave,378,354,player,TE,GB,82,60,41,83,9856,9481,16215,4428085,26,3,,0.0003,0.4617,0,82,-82,100,False
Cole Payton,379,355,player,QB,PHI,81,62,41,87,13457,13335,17654,4879250,23.9,0,,0.0002,0.3894,0,81,-81,100,False
Jaylin Lane,380,356,player,WR,WAS,80,136,41,-162,12946,12641,17184,4602667,24.4,1,,0.0003,0.5591,0,80,-80,100,False
Olamide Zaccheaus,381,357,player,WR,ATL,78,137,41,42,205,6271,14592,3917914,29.1,7,,0.0004,0.3053,0,78,-78,100,False
Noah Fant,382,358,player,TE,NO,78,61,41,79,2677,5857,14137,4036131,28.8,7,,0.0003,0.3976,0,78,-78,100,False
Kyle McCord,383,359,player,QB,GB,72,63,41,78,12647,12494,17038,4433971,24,1,,0.0004,0.0428,0,72,-72,100,False
Tai Felton,384,360,player,WR,MIN,70,138,41,16,12604,12496,17097,4565185,23.5,1,,0.0003,0.3259,0,70,-70,100,False
Sam Howell,385,361,player,QB,DAL,70,64,41,48,8210,8162,15693,4426875,26,4,,0.0004,0.1612,0,70,-70,100,False
Tyrod Taylor,386,362,player,QB,GB,64,65,41,0,4418,827,10413,14163,37.1,15,,0.0002,0.275,0,64,-64,100,False
Gardner Minshew,387,363,player,QB,ARI,64,66,41,-81,7783,6011,14067,4038524,30.3,7,,0.0002,0.4371,0,64,-64,100,False
Devin Singletary,388,364,player,RB,NYG,62,99,41,-46,8347,6130,14080,4040761,29,7,,0.0003,0.519,0,62,-62,100,False
Efton Chism,389,365,player,WR,NE,62,139,41,11,12676,12542,17269,4695193,24.9,1,,0.0002,0.2975,0,62,-62,100,False
Nate Boerkircher,390,366,player,TE,JAX,61,62,41,62,13454,13299,17591,4686248,25,0,,0.0001,0.1142,0,61,-61,100,False
Tommy Tremble,391,367,player,TE,CAR,58,63,41,18,7388,7694,15332,4372780,26.3,5,,0.0003,0.141,0,58,-58,100,False
Roman Hemby,392,368,player,RB,LV,57,100,41,57,13590,13416,17483,4688835,24.1,0,,0.0001,0.1411,0,57,-57,100,False
Tanner McKee,393,369,player,QB,PHI,57,67,41,-6,9940,9230,15702,4685201,26.4,3,,0.0002,0.2819,0,57,-57,100,False
Arian Smith,394,370,player,WR,NYJ,55,140,41,56,12704,12539,17175,4429105,24.9,1,,0.0003,0.1492,0,55,-55,100,False
Jeff Caldwell,395,371,player,WR,KC,54,141,41,-159,13476,13392,17523,4885466,23.5,0,,0.0001,0.3887,0,54,-54,100,False
Joe Mixon,396,372,player,RB,,53,101,41,-102,4578,4018,13131,3116385,30.1,9,,0.0002,0.7588,0,53,-53,100,False
Christian Kirk,397,373,player,WR,SF,44,142,41,-313,8090,4950,13633,3895856,29.8,8,,0.0001,0.7726,0,44,-44,100,False
Tutu Atwell,398,374,player,WR,MIA,41,143,41,-7,8432,7562,15301,4360797,26.9,5,,0.0002,0.2856,0,41,-41,100,False
Kenny Pickett,399,375,player,QB,CAR,39,68,41,-67,5730,8160,15692,4240703,28.3,4,,0.0001,0.2521,0,39,-39,100,False
Brock Wright,400,376,player,TE,DET,37,64,42,38,2766,7891,15626,4242392,27.8,5,,0.0001,0.0825,0,37,-37,100,False
Luke Schoonmaker,401,377,player,TE,DAL,37,65,42,38,11006,10871,16221,4372096,27.9,3,,0.0003,0.1435,0,37,-37,100,False
Mason Rudolph,402,378,player,QB,PIT,37,69,42,-13,4357,4972,13595,3116407,31.2,8,,0.0002,0.2072,0,37,-37,100,False
Will Levis,403,379,player,QB,TEN,37,70,42,-105,9901,9999,16149,4361418,27.2,3,,0.0001,0.392,0,37,-37,100,False
Daniel Bellinger,404,380,player,TE,TEN,33,66,42,-5,2752,8225,15873,4361516,26,4,,0.0002,0.179,0,33,-33,100,False
Jam Miller,405,381,player,RB,NE,30,102,42,-34,13555,13403,17486,4685477,,0,,0.0001,0.4253,0,30,-30,100,False
Luke McCaffrey,406,382,player,WR,WAS,30,144,42,-142,11788,11650,16635,4426948,25.4,2,,0.0001,0.4948,0,30,-30,100,False
Jahdae Walker,407,383,player,WR,CHI,29,145,42,-7,12983,13079,17353,5160110,24.2,1,,0.0001,0.0963,0,29,-29,100,False
Xavier Restrepo,408,384,player,WR,TEN,28,146,42,29,12649,12520,17077,4431353,24.4,1,,0.0002,0.238,0,28,-28,100,False
Jordan Whittington,409,385,player,WR,LAR,28,147,42,29,11721,11623,16633,4569382,25.9,2,,0.0001,0.2501,0,28,-28,100,False
Darius Cooper,410,386,player,WR,PHI,24,148,42,25,13020,13150,17333,4715355,24.8,1,,0.0002,0.0638,0,24,-24,100,False
Malachi Corley,411,387,player,WR,CLE,21,149,42,22,11744,11617,16636,4613104,24.5,2,,0.0002,0.1353,0,21,-21,100,False
Ray-Ray McCloud,412,388,player,WR,CHI,19,150,42,20,6900,5096,13641,3728262,29.9,8,,0.0001,0.0492,0,19,-19,100,False
Elijah Higgins,413,389,player,TE,ARI,18,67,42,19,9825,10231,16333,4426844,25.9,3,,0.0002,0.099,0,18,-18,100,False
Jimmy Horn,414,390,player,WR,CAR,17,151,42,-36,12600,12523,17234,4708486,24,1,,0.0001,0.3146,0,17,-17,100,False
Calvin Austin,415,391,player,WR,NYG,17,152,42,-94,4996,8125,15777,4243389,27.5,4,,0.0001,0.48,0,17,-17,100,False
KeAndre Lambert-Smith,416,392,player,WR,LAC,14,153,42,-92,13019,12670,17205,4430870,24.9,1,,0.0001,0.3726,0,14,-14,100,False
Austin Ekeler,417,393,player,RB,,14,103,42,14,1332,4663,13404,3068267,31.3,9,,0.0001,0.3656,0,14,-14,100,False
Jarrett Stidham,418,394,player,QB,DEN,11,71,42,-25,7992,6136,14063,3892775,30.1,7,,0.0001,0.1272,0,11,-11,100,False
Deion Burks,419,395,player,WR,IND,10,154,42,-339,13547,13333,17510,4683151,23.7,0,,0.0001,0.5258,0,10,-10,100,False
Myles Price,420,396,player,WR,MIN,8,155,42,9,12922,13075,17360,4430656,24.7,1,,0.0002,0.0136,0,8,-8,100,False
Tommy DeVito,421,397,player,QB,NE,3,72,42,4,11533,11292,16441,4240391,28.1,3,,0.0001,0.0264,0,3,-3,100,False
Kalif Raymond,422,398,player,WR,CHI,2,156,42,3,5803,3634,13066,2973405,32.1,10,,0.0001,0.0459,0,2,-2,100,False
Kameron Johnson,423,399,player,WR,TB,2,157,42,3,12100,11994,16883,5097554,24.5,2,,0.0001,0.0652,0,2,-2,100,False
