name,Rank,source_rank,position,source_position,team,source_player_id,games_played,targets,receptions,receiving_yards,receiving_yards_per_game,receiving_average,receiving_touchdowns,fumbles_lost,projected_fantasy_points,projected_fantasy_points_per_game,season
Trey McBride,1,1,TE,TE,ARI,2963385,17,154,115,1081,63.6,9.4,8,0,148,8.7,2026
Colston Loveland,2,2,TE,TE,CHI,28874696,17,126,84,1037,61,12.4,8,0,145,8.5,2026
Brock Bowers,3,3,TE,TE,LV,26693971,17,119,88,994,58.5,11.3,9,0,144,8.5,2026
Dallas Goedert,4,4,TE,TE,PHI,2132551,17,92,68,716,42.1,10.5,11,0,136,8,2026
Tucker Kraft,5,5,TE,TE,GB,3133332,17,76,56,815,47.9,14.6,10,0,132,7.8,2026
Kyle Pitts,6,6,TE,TE,ATL,2964514,17,113,82,929,54.6,11.3,7,0,126,7.4,2026
Harold Fannin Jr.,7,8,TE,TE,CLE,28900882,17,112,76,830,48.8,10.9,8,1,125,7.4,2026
Tyler Warren,8,7,TE,TE,IND,3168800,17,109,74,904,53.2,12.2,6,0,125,7.4,2026
Isaiah Likely,9,9,TE,TE,NYG,2961906,17,94,69,897,52.8,13,7,2,119,7,2026
Mark Andrews,10,11,TE,TE,BAL,2131121,17,84,60,594,34.9,9.9,10,0,117,6.9,2026
George Kittle,11,10,TE,TE,SF,2818265,17,88,72,845,49.7,11.7,7,0,117,6.9,2026
Dalton Kincaid,12,12,TE,TE,BUF,2982991,17,81,60,779,45.8,13,7,0,111,6.5,2026
Sam LaPorta,13,13,TE,TE,DET,3124197,16,84,66,831,51.9,12.6,6,0,111,6.9,2026
Travis Kelce,14,14,TE,TE,KC,1725130,17,110,78,814,47.9,10.4,6,0,108,6.4,2026
Brenton Strange,15,15,TE,TE,JAC,3121696,17,95,70,814,47.9,11.6,5,0,102,6,2026
Juwan Johnson,16,16,TE,TE,NO,2186637,17,94,71,870,51.2,12.3,4,2,100,5.9,2026
Jake Ferguson,17,17,TE,TE,DAL,2867159,17,100,78,636,37.4,8.2,7,2,93,5.5,2026
Hunter Henry,18,18,TE,TE,NE,2079848,17,83,56,684,40.2,12.2,5,0,91,5.4,2026
Dalton Schultz,19,19,TE,TE,HOU,2136748,17,95,71,720,42.4,10.1,4,0,88,5.2,2026
Cade Otton,20,20,TE,TE,TB,2815179,17,94,68,708,41.6,10.4,4,0,87,5.1,2026
A. Barner,21,21,TE,TE,SEA,3169283,17,60,47,473,27.8,10.1,7,0,86,5.1,2026
Kenyon Sadiq,22,22,TE,TE,NYJ,29125433,17,70,47,528,31.1,11.2,6,1,80,4.7,2026
Greg Dulcich,23,23,TE,TE,MIA,2964274,17,78,58,674,39.6,11.6,4,2,78,4.6,2026
Oronde Gadsden II,24,24,TE,TE,LAC,26727374,17,68,49,689,40.5,14.1,3,1,77,4.5,2026
Terrance Ferguson,25,25,TE,TE,LAR,26701481,17,58,29,530,31.2,18.3,5,0,76,4.5,2026
Darren Waller,26,26,TE,TE,CAR,1850793,17,65,45,468,27.5,10.4,6,0,74,4.4,2026
Pat Freiermuth,27,27,TE,TE,PIT,2961270,17,60,46,511,30.1,11.1,5,0,74,4.4,2026
Chigoziem Okonkwo,28,28,TE,TE,WAS,2965208,17,73,53,630,37.1,11.9,3,0,73,4.3,2026
Colby Parkinson,29,29,TE,TE,LAR,2867522,17,57,41,435,25.6,10.6,6,1,69,4.1,2026
David Njoku,30,30,TE,TE,LAC,2136474,17,63,42,404,23.8,9.6,6,0,68,4,2026
T.J. Hockenson,31,31,TE,TE,MIN,2251097,17,73,55,516,30.4,9.4,4,0,68,4,2026
Tyler Higbee,32,32,TE,TE,LAR,1853103,17,58,40,499,29.4,12.5,4,0,65,3.8,2026
Mike Gesicki,33,33,TE,TE,CIN,2139298,17,69,49,540,31.8,11,3,0,64,3.8,2026
Mason Taylor,34,34,TE,TE,NYJ,28878064,17,83,56,461,27.1,8.2,4,0,62,3.6,2026
Theo Johnson,35,35,TE,TE,NYG,3162129,17,53,33,390,22.9,11.8,5,0,60,3.5,2026
Evan Engram,36,36,TE,TE,DEN,2079887,17,84,56,479,28.2,8.6,3,0,57,3.4,2026
Dawson Knox,37,37,TE,TE,BUF,2186345,17,48,35,401,23.6,11.5,3,0,50,2.9,2026
Gunnar Helm,38,39,TE,TE,TEN,26696189,17,55,44,378,22.2,8.6,3,0,48,2.8,2026
Charlie Kolar,39,38,TE,TE,LAC,2866273,17,36,25,332,19.5,13.3,4,0,48,2.8,2026
Brock Wright,40,40,TE,TE,DET,2807423,17,51,34,302,17.8,8.9,4,0,45,2.6,2026
Daniel Bellinger,41,41,TE,TE,TEN,2963615,17,35,26,332,19.5,12.8,3,0,42,2.5,2026
Josh Oliver,42,43,TE,TE,MIN,2184618,17,28,22,243,14.3,11.1,4,0,40,2.4,2026
Will Kacmarek,43,44,TE,TE,MIA,26717403,17,52,35,327,19.2,9.3,3,1,40,2.4,2026
Darnell Washington,44,42,TE,TE,PIT,3163963,17,49,35,383,22.5,10.9,2,1,40,2.4,2026
Noah Fant,45,47,TE,TE,NO,2251095,17,54,44,423,24.9,9.6,2,3,39,2.3,2026
Marlin Klein,46,45,TE,TE,HOU,28927889,17,51,35,367,21.6,10.5,2,1,39,2.3,2026
Michael Mayer,47,46,TE,TE,LV,3171673,17,58,40,350,20.6,8.8,2,0,39,2.3,2026
Davis Allen,48,48,TE,TE,LAR,3123267,17,38,26,241,14.2,9.3,3,0,34,2,2026
Ben Sims,49,49,TE,TE,MIA,2964709,17,53,32,304,17.9,9.5,2,0,33,1.9,2026
Erick All,50,50,TE,TE,CIN,3121555,17,43,35,302,17.8,8.6,2,0,33,1.9,2026
Eli Stowers,51,51,TE,TE,PHI,26696120,17,45,31,322,18.9,10.4,2,1,32,1.9,2026
Austin Hooper,52,52,TE,TE,ATL,2067004,17,34,25,283,16.6,11.3,2,0,31,1.8,2026
Adam Trautman,53,53,TE,TE,DEN,2182228,17,36,27,282,16.6,10.4,2,0,31,1.8,2026
Luke Musgrave,54,54,TE,TE,GB,3129283,17,35,26,265,15.6,10.2,2,0,30,1.8,2026
Grant Calcaterra,55,55,TE,TE,PHI,2804129,17,30,22,230,13.5,10.5,2,0,27,1.6,2026
Cole Kmet,56,56,TE,TE,CHI,2868619,17,32,22,229,13.5,10.4,2,0,27,1.6,2026
Nate Boerkircher,57,57,TE,TE,JAC,3162867,17,32,22,240,14.1,10.9,2,1,26,1.5,2026
Eli Raridon,58,58,TE,TE,NE,28924611,17,32,22,235,13.8,10.7,2,1,25,1.5,2026
Jeremy Ruckert,59,59,TE,TE,NYJ,2965446,17,36,27,196,11.5,7.3,2,0,24,1.4,2026
Tommy Tremble,60,60,TE,TE,CAR,2969027,17,30,23,202,11.9,8.8,2,0,24,1.4,2026
John Bates,61,62,TE,TE,WAS,2257291,17,31,20,204,12,10.2,2,1,23,1.4,2026
Connor Heyward,62,61,TE,FB,LV,2867599,17,19,14,103,6.1,7.4,2,0,23,1.4,2026
Nate Adkins,63,63,TE,TE,DEN,2977285,17,23,16,108,6.4,6.8,3,0,22,1.3,2026
Charlie Woerner,64,64,TE,TE,ATL,2248629,17,32,25,222,13.1,8.9,1,0,21,1.2,2026
Mitchell Evans,65,66,TE,TE,CAR,26693662,17,22,16,143,8.4,8.9,2,0,18,1.1,2026
Ja'Tavion Sanders,66,65,TE,TE,CAR,26731381,17,30,25,192,11.3,7.7,1,0,18,1.1,2026
Foster Moreau,67,69,TE,TE,HOU,2180634,17,15,11,132,7.8,12,2,0,17,1,2026
Elijah Higgins,68,68,TE,TE,ARI,3122914,17,28,23,210,12.4,9.1,1,1,17,1,2026
Jackson Hawes,69,70,TE,TE,BUF,3135324,17,12,10,120,7.1,12,2,0,17,1,2026
Ben Sinnott,70,67,TE,TE,WAS,3168647,17,13,11,122,7.2,11.1,2,0,17,1,2026
Nick Vannett,71,72,TE,TE,SEA,1871322,17,12,10,95,5.6,9.5,2,0,16,0.9,2026
Hunter Long,72,73,TE,TE,JAC,2867428,17,14,10,90,5.3,9,2,0,16,0.9,2026
Devin Culp,73,71,TE,TE,TB,2967413,17,14,11,118,6.9,10.7,2,0,16,0.9,2026
Noah Gray,74,75,TE,TE,KC,2866903,17,23,15,139,8.2,9.3,1,0,12,0.7,2026
Cade Stover,75,74,TE,TE,HOU,3125978,17,21,15,128,7.5,8.5,1,0,12,0.7,2026
Jack Endries,76,80,TE,TE,CIN,28916552,17,16,13,123,7.2,9.5,1,0,11,0.6,2026
Max Klare,77,77,TE,TE,LAR,28921209,17,15,12,127,7.5,10.6,1,0,11,0.6,2026
Will Mallory,78,79,TE,TE,IND,2962073,17,13,11,125,7.4,11.4,1,0,11,0.6,2026
Zack Kuntz,79,76,TE,TE,DAL,2963243,17,16,12,128,7.5,10.7,1,0,11,0.6,2026
Luke Schoonmaker,80,78,TE,TE,DAL,2968473,17,23,15,133,7.8,8.9,1,0,11,0.6,2026
Zach Ertz,81,84,TE,TE,WAS,1685963,17,13,9,96,5.6,10.7,1,0,10,0.6,2026
Donald Parham Jr.,82,88,TE,TE,PIT,2183713,17,13,10,95,5.6,9.5,1,0,10,0.6,2026
Ian Thomas,83,91,TE,TE,LV,2253359,17,10,10,88,5.2,8.8,1,0,10,0.6,2026
Zaire Mitchell-Paden,84,95,TE,TE,NO,26695325,17,15,11,108,6.4,9.8,1,0,10,0.6,2026
Seydou Traore,85,93,TE,TE,MIA,26696643,17,12,9,88,5.2,9.8,1,0,10,0.6,2026
Elijah Arroyo,86,98,TE,TE,SEA,26700496,17,18,10,116,6.8,11.6,1,0,10,0.6,2026
Josh Cuevas,87,81,TE,TE,BAL,26706410,17,11,8,97,5.7,12.1,1,0,10,0.6,2026
Bauer Sharp,88,83,TE,TE,TB,26730919,17,14,11,113,6.6,10.3,1,0,10,0.6,2026
Anthony Firkser,89,96,TE,TE,DET,2818971,17,15,12,103,6.1,8.6,1,0,10,0.6,2026
Oscar Delp,90,92,TE,TE,NO,28873644,17,15,11,116,6.8,10.6,1,0,10,0.6,2026
Sam Roush,91,97,TE,TE,CHI,28877184,17,13,10,111,6.5,11.1,1,0,10,0.6,2026
Justin Joly,92,90,TE,TE,DEN,28927892,17,15,12,105,6.2,8.8,1,0,10,0.6,2026
Cam Grandy,93,86,TE,TE,CIN,29148608,17,16,13,100,5.9,7.7,1,0,10,0.6,2026
Lucas Krull,94,87,TE,TE,DEN,2961761,17,16,12,89,5.2,7.4,1,0,10,0.6,2026
Cole Turner,95,85,TE,TE,MIA,2961855,17,12,9,88,5.2,9.8,1,0,10,0.6,2026
Josh Whyle,96,89,TE,TE,GB,2962513,17,12,10,86,5.1,8.6,1,0,10,0.6,2026
Payne Durham,97,94,TE,TE,TB,2968469,17,15,8,91,5.4,11.4,1,0,10,0.6,2026
Jared Wiley,98,100,TE,TE,KC,3123819,17,14,11,96,5.6,8.7,1,0,10,0.6,2026
Hayden Rucci,99,99,TE,TE,SF,3131519,17,15,12,118,6.9,9.8,1,0,10,0.6,2026
Joe Royer,100,82,TE,TE,CLE,3169621,17,13,10,96,5.6,9.6,1,0,10,0.6,2026
